-- phpMyAdmin SQL Dump
-- version 4.5.1
-- http://www.phpmyadmin.net
--
-- Client :  127.0.0.1
-- Généré le :  Ven 01 Avril 2016 à 12:34
-- Version du serveur :  10.1.10-MariaDB
-- Version de PHP :  7.0.3

SET SQL_MODE = "NO_AUTO_VALUE_ON_ZERO";
SET time_zone = "+00:00";


/*!40101 SET @OLD_CHARACTER_SET_CLIENT=@@CHARACTER_SET_CLIENT */;
/*!40101 SET @OLD_CHARACTER_SET_RESULTS=@@CHARACTER_SET_RESULTS */;
/*!40101 SET @OLD_COLLATION_CONNECTION=@@COLLATION_CONNECTION */;
/*!40101 SET NAMES utf8mb4 */;

--
-- Base de données :  `m2l`
--

-- --------------------------------------------------------

--
-- Structure de la table `codepostal`
--

CREATE TABLE `codepostal` (
  `codeVille` int(5) NOT NULL,
  `codePostal` int(5) NOT NULL
) ENGINE=InnoDB DEFAULT CHARSET=latin1;

--
-- Contenu de la table `codepostal`
--

INSERT INTO `codepostal` (`codeVille`, `codePostal`) VALUES
(54001, 54610),
(54002, 54800),
(54003, 54115),
(54004, 54800),
(54005, 54740),
(54006, 54770),
(54007, 54460),
(54008, 54170),
(54009, 54800),
(54010, 54112),
(54011, 54260),
(54012, 54770),
(54013, 54450),
(54014, 54450),
(54015, 54560),
(54016, 54200),
(54017, 54540),
(54018, 54150),
(54019, 54470),
(54020, 54110),
(54021, 54760),
(54022, 54530),
(54023, 54370),
(54024, 54760),
(54025, 54510),
(54026, 54370),
(54027, 54700),
(54028, 54580),
(54029, 54560),
(54030, 54450),
(54031, 54380),
(54032, 54160),
(54033, 54490),
(54034, 54385),
(54035, 54450),
(54036, 54150),
(54037, 54210),
(54038, 54122),
(54039, 54120),
(54040, 54540),
(54041, 54170),
(54042, 54290),
(54043, 54550),
(54044, 54450),
(54045, 54360),
(54046, 54170),
(54047, 54170),
(54048, 54150),
(54049, 54620),
(54050, 54370),
(54051, 54980),
(54052, 54115),
(54053, 54370),
(54054, 54290),
(54055, 54890),
(54056, 54620),
(54057, 54470),
(54058, 54800),
(54059, 54610),
(54060, 54940),
(54061, 54450),
(54062, 54740),
(54063, 54470),
(54064, 54480),
(54065, 54120),
(54066, 54640),
(54067, 54620),
(54068, 54115),
(54069, 54560),
(54070, 54760),
(54071, 54370),
(54072, 54380),
(54073, 54200),
(54074, 54300),
(54075, 54540),
(54076, 54360),
(54077, 54450),
(54078, 54450),
(54079, 54700),
(54080, 54113),
(54081, 54620),
(54082, 54800),
(54083, 54300),
(54084, 54111),
(54085, 54290),
(54086, 54200),
(54087, 54470),
(54088, 54200),
(54089, 54770),
(54090, 54136),
(54091, 54700),
(54092, 54930),
(54093, 54800),
(54094, 54740),
(54095, 54610),
(54096, 54190),
(54097, 54540),
(54098, 54290),
(54099, 54150),
(54100, 54280),
(54101, 54120),
(54102, 54200),
(54103, 54800),
(54104, 54110),
(54105, 54113),
(54106, 54370),
(54107, 54450),
(54108, 54210),
(54109, 54134),
(54110, 54420),
(54111, 54230),
(54112, 54890),
(54113, 54280),
(54114, 54700),
(54115, 54250),
(54116, 54300),
(54117, 54330),
(54118, 54260),
(54119, 54470),
(54120, 54113),
(54121, 54360),
(54122, 54200),
(54123, 54230),
(54124, 54450),
(54125, 54122),
(54126, 54610),
(54127, 54720),
(54128, 54200),
(54129, 54480),
(54130, 54290),
(54131, 54610),
(54132, 54330),
(54133, 54370),
(54134, 54260),
(54135, 54170),
(54136, 54800),
(54137, 54870),
(54138, 54400),
(54139, 54110),
(54140, 54930),
(54141, 54210),
(54142, 54740),
(54143, 54170),
(54144, 54290),
(54145, 54110),
(54146, 54113),
(54147, 54300),
(54148, 54300),
(54149, 54680),
(54150, 54670),
(54151, 54720),
(54152, 54360),
(54153, 54470),
(54154, 54120),
(54155, 54370),
(54156, 54930),
(54157, 54380),
(54158, 54170),
(54159, 54110),
(54160, 54385),
(54161, 54450),
(54162, 54119),
(54163, 54450),
(54164, 54115),
(54165, 54130),
(54166, 54470),
(54167, 54200),
(54168, 54770),
(54169, 54490),
(54170, 54290),
(54171, 54800),
(54172, 54620),
(54173, 54370),
(54174, 54200),
(54175, 54360),
(54176, 54370),
(54177, 54370),
(54178, 54260),
(54179, 54610),
(54180, 54280),
(54181, 54680),
(54182, 54470),
(54183, 54830),
(54184, 54270),
(54185, 54330),
(54186, 54690),
(54187, 54470),
(54188, 54760),
(54189, 54115),
(54190, 54115),
(54191, 54540),
(54192, 54210),
(54193, 54470),
(54194, 54560),
(54195, 54110),
(54196, 54630),
(54197, 54710),
(54198, 54150),
(54199, 54122),
(54200, 54470),
(54201, 54122),
(54202, 54840),
(54203, 54330),
(54204, 54930),
(54205, 54570),
(54206, 54300),
(54207, 54930),
(54208, 54200),
(54209, 54830),
(54210, 54450),
(54211, 54450),
(54212, 54260),
(54213, 54800),
(54214, 54160),
(54215, 54390),
(54216, 54290),
(54217, 54120),
(54218, 54115),
(54219, 54110),
(54220, 54115),
(54221, 54740),
(54222, 54830),
(54223, 54170),
(54224, 54740),
(54225, 54380),
(54226, 54112),
(54227, 54780),
(54228, 54830),
(54229, 54122),
(54230, 54450),
(54231, 54800),
(54232, 54840),
(54233, 54450),
(54234, 54730),
(54235, 54330),
(54236, 54260),
(54237, 54115),
(54238, 54290),
(54239, 54380),
(54240, 54470),
(54241, 54930),
(54242, 54113),
(54243, 54120),
(54244, 54470),
(54245, 54290),
(54246, 54450),
(54247, 54330),
(54248, 54470),
(54249, 54800),
(54250, 54110),
(54251, 54450),
(54252, 54740),
(54253, 54800),
(54254, 54860),
(54255, 54830),
(54256, 54290),
(54257, 54180),
(54258, 54370),
(54259, 54450),
(54260, 54300),
(54261, 54440),
(54262, 54370),
(54263, 54310),
(54264, 54330),
(54265, 54180),
(54266, 54330),
(54268, 54930),
(54269, 54110),
(54270, 54590),
(54271, 54450),
(54272, 54200),
(54273, 54800),
(54274, 54140),
(54275, 54470),
(54276, 54114),
(54277, 54800),
(54278, 54740),
(54279, 54700),
(54280, 54240),
(54281, 54300),
(54282, 54620),
(54283, 54800),
(54284, 54490),
(54285, 54370),
(54286, 54800),
(54287, 54120),
(54288, 54200),
(54289, 54770),
(54290, 54720),
(54291, 54115),
(54292, 54300),
(54293, 54360),
(54294, 54380),
(54295, 54970),
(54296, 54280),
(54297, 54370),
(54298, 54570),
(54299, 54740),
(54300, 54410),
(54301, 54760),
(54302, 54150),
(54303, 54950),
(54304, 54520),
(54305, 54690),
(54306, 54570),
(54307, 54740),
(54308, 54450),
(54309, 54740),
(54310, 54740),
(54311, 54110),
(54312, 54700),
(54313, 54610),
(54314, 54720),
(54315, 54760),
(54316, 54470),
(54317, 54470),
(54318, 54460),
(54320, 54700),
(54321, 54810),
(54322, 54260),
(54323, 54400),
(54324, 54290),
(54325, 54290),
(54326, 54150),
(54327, 54200),
(54328, 54710),
(54329, 54300),
(54330, 54210),
(54331, 54129),
(54332, 54700),
(54333, 54610),
(54334, 54150),
(54335, 54370),
(54336, 54550),
(54337, 54560),
(54338, 54670),
(54339, 54220),
(54340, 54470),
(54341, 54150),
(54342, 54790),
(54343, 54470),
(54344, 54290),
(54345, 54210),
(54346, 54385),
(54348, 54385),
(54349, 54300),
(54350, 54300),
(54351, 54820),
(54352, 54230),
(54353, 54800),
(54354, 54330),
(54355, 54380),
(54356, 54830),
(54357, 54320),
(54358, 54280),
(54359, 54360),
(54360, 54200),
(54362, 54960),
(54363, 54560),
(54364, 54850),
(54365, 54120),
(54366, 54850),
(54367, 54135),
(54368, 54540),
(54369, 54670),
(54370, 54385),
(54371, 54580),
(54372, 54760),
(54373, 54300),
(54374, 54280),
(54375, 54700),
(54376, 54760),
(54377, 54540),
(54378, 54870),
(54379, 54170),
(54380, 54113),
(54381, 54450),
(54382, 54350),
(54383, 54360),
(54385, 54920),
(54386, 54830),
(54387, 54700),
(54388, 54370),
(54389, 54800),
(54390, 54700),
(54391, 54660),
(54392, 54113),
(54393, 54118),
(54394, 54490),
(54395, 54000),
(54396, 54540),
(54397, 54230),
(54398, 54540),
(54399, 54290),
(54400, 54610),
(54401, 54450),
(54402, 54150),
(54403, 54700),
(54404, 54385),
(54405, 54170),
(54406, 54450),
(54407, 54330),
(54408, 54800),
(54409, 54330),
(54410, 54890),
(54411, 54740),
(54412, 54260),
(54413, 54150),
(54414, 54200),
(54415, 54530),
(54416, 54470),
(54417, 54330),
(54418, 54370),
(54419, 54480),
(54420, 54260),
(54421, 54480),
(54422, 54120),
(54423, 54540),
(54424, 54610),
(54425, 54490),
(54426, 54200),
(54427, 54540),
(54428, 54620),
(54429, 54160),
(54430, 54340),
(54431, 54700),
(54432, 54550),
(54433, 54700),
(54434, 54116),
(54435, 54530),
(54436, 54490),
(54437, 54160),
(54438, 54115),
(54439, 54425),
(54440, 54800),
(54441, 54800),
(54442, 54330),
(54443, 54540),
(54444, 54610),
(54445, 54370),
(54446, 54370),
(54447, 54450),
(54449, 54300),
(54450, 54120),
(54451, 54430),
(54452, 54450),
(54453, 54470),
(54455, 54830),
(54456, 54110),
(54457, 54370),
(54458, 54450),
(54459, 54630),
(54460, 54380),
(54461, 54360),
(54462, 54110),
(54463, 54385),
(54464, 54610),
(54465, 54290),
(54466, 54200),
(54467, 54290),
(54468, 54210),
(54469, 54580),
(54470, 54470),
(54471, 54290),
(54472, 54950),
(54473, 54930),
(54474, 54700),
(54475, 54290),
(54476, 54260),
(54477, 54470),
(54478, 54800),
(54479, 54290),
(54480, 54450),
(54481, 54540),
(54482, 54130),
(54483, 54210),
(54484, 54540),
(54485, 54730),
(54486, 54740),
(54487, 54290),
(54488, 54480),
(54489, 54620),
(54490, 54380),
(54491, 54560),
(54492, 54200),
(54493, 54650),
(54494, 54115),
(54495, 54420),
(54496, 54170),
(54497, 54330),
(54498, 54280),
(54499, 54470),
(54500, 54170),
(54501, 54830),
(54502, 54370),
(54504, 54560),
(54505, 54550),
(54506, 54840),
(54507, 54300),
(54508, 54610),
(54509, 54110),
(54510, 54280),
(54511, 54800),
(54512, 54480),
(54513, 54116),
(54514, 54260),
(54515, 54330),
(54516, 54930),
(54517, 54610),
(54518, 54470),
(54519, 54120),
(54520, 54300),
(54521, 54880),
(54522, 54115),
(54523, 54170),
(54524, 54800),
(54525, 54190),
(54526, 54510),
(54527, 54210),
(54528, 54200),
(54529, 54115),
(54530, 54115),
(54531, 54115),
(54532, 54385),
(54533, 54750),
(54534, 54570),
(54535, 54800),
(54536, 54640),
(54537, 54870),
(54538, 54112),
(54539, 54540),
(54540, 54480),
(54541, 54370),
(54542, 54910),
(54543, 54830),
(54544, 54890),
(54545, 54115),
(54546, 54121),
(54547, 54500),
(54548, 54112),
(54549, 54110),
(54550, 54122),
(54551, 54370),
(54552, 54330),
(54553, 54740),
(54554, 54740),
(54555, 54120),
(54556, 54450),
(54557, 54840),
(54558, 54280),
(54559, 54290),
(54560, 54540),
(54561, 54830),
(54562, 54450),
(54563, 54330),
(54564, 54470),
(54565, 54360),
(54566, 54700),
(54567, 54290),
(54568, 54620),
(54569, 54380),
(54570, 54890),
(54571, 54210),
(54572, 54730),
(54573, 54380),
(54574, 54870),
(54575, 54920),
(54576, 54260),
(54577, 54760),
(54578, 54600),
(54579, 54700),
(54580, 54190),
(54581, 54800),
(54582, 54260),
(54583, 54840),
(54584, 54200),
(54585, 54290),
(54586, 54123),
(54587, 54330),
(54588, 54300),
(54589, 54700),
(54590, 54260),
(54591, 54134),
(54592, 54330),
(54593, 54890),
(54594, 54470),
(54595, 54300),
(54596, 54990),
(54597, 54740),
(54598, 54490),
(54599, 54800),
(54600, 54370),
(54601, 54370),
(54602, 54620),
(55001, 55130),
(55002, 55400),
(55004, 55110),
(55005, 55130),
(55007, 55300),
(55008, 55230),
(55009, 55320),
(55010, 55170),
(55011, 55800),
(55012, 55300),
(55013, 55230),
(55014, 55120),
(55015, 55170),
(55017, 55120),
(55018, 55700),
(55021, 55210),
(55022, 55600),
(55023, 55270),
(55024, 55150),
(55025, 55700),
(55026, 55130),
(55027, 55300),
(55028, 55110),
(55029, 55000),
(55030, 55130),
(55031, 55170),
(55032, 55260),
(55033, 55270),
(55034, 55600),
(55035, 55170),
(55036, 55700),
(55037, 55700),
(55038, 55250),
(55039, 55100),
(55040, 55250),
(55041, 55000),
(55042, 55100),
(55043, 55430),
(55044, 55260),
(55045, 55100),
(55046, 55210),
(55047, 55100),
(55048, 55270),
(55049, 55000),
(55050, 55100),
(55051, 55290),
(55053, 55230),
(55054, 55300),
(55055, 55400),
(55057, 55400),
(55058, 55200),
(55059, 55130),
(55060, 55160),
(55061, 55500),
(55062, 55300),
(55063, 55240),
(55064, 55300),
(55065, 55270),
(55066, 55190),
(55067, 55500),
(55068, 55120),
(55069, 55800),
(55070, 55100),
(55071, 55150),
(55072, 55400),
(55073, 55100),
(55075, 55170),
(55076, 55150),
(55077, 55600),
(55078, 55110),
(55079, 55000),
(55080, 55140),
(55081, 55250),
(55082, 55120),
(55083, 55700),
(55084, 55190),
(55085, 55200),
(55087, 55290),
(55088, 55140),
(55089, 55140),
(55093, 55300),
(55094, 55400),
(55095, 55700),
(55096, 55210),
(55097, 55140),
(55099, 55100),
(55100, 55140),
(55101, 55000),
(55102, 55100),
(55103, 55270),
(55104, 55130),
(55105, 55400),
(55106, 55100),
(55107, 55150),
(55108, 55260),
(55109, 55600),
(55110, 55600),
(55111, 55300),
(55113, 55270),
(55114, 55200),
(55115, 55270),
(55116, 55120),
(55117, 55120),
(55118, 55110),
(55119, 55110),
(55120, 55000),
(55121, 55160),
(55122, 55200),
(55123, 55000),
(55124, 55110),
(55125, 55800),
(55127, 55260),
(55128, 55260),
(55129, 55260),
(55132, 55170),
(55133, 55290),
(55134, 55800),
(55137, 55270),
(55138, 55),
(55139, 55100),
(55140, 55110),
(55141, 55500),
(55142, 55130),
(55143, 55400),
(55144, 55500),
(55145, 55150),
(55146, 55110),
(55148, 55130),
(55149, 55150),
(55150, 55130),
(55153, 55400),
(55154, 55320),
(55155, 55120),
(55156, 55150),
(55157, 55160),
(55158, 55240),
(55159, 55300),
(55160, 55300),
(55162, 55240),
(55163, 55160),
(55164, 55100),
(55165, 55110),
(55166, 55100),
(55167, 55110),
(55168, 55230),
(55169, 55600),
(55170, 55150),
(55171, 55400),
(55172, 55160),
(55173, 55140),
(55174, 55270),
(55175, 55260),
(55177, 55260),
(55178, 55000),
(55179, 55500),
(55180, 55100),
(55181, 55400),
(55182, 55240),
(55183, 55150),
(55184, 55200),
(55185, 55250),
(55186, 55000),
(55188, 55600),
(55189, 55100),
(55191, 55400),
(55192, 55110),
(55193, 55110),
(55194, 55250),
(55195, 55500),
(55196, 55200),
(55197, 55260),
(55198, 55160),
(55199, 55120),
(55200, 55100),
(55201, 55400),
(55202, 55120),
(55204, 55320),
(55206, 55110),
(55207, 55000),
(55208, 55110),
(55210, 55260),
(55211, 55400),
(55212, 55200),
(55214, 55500),
(55215, 55130),
(55216, 55230),
(55217, 55140),
(55218, 55150),
(55219, 55400),
(55220, 55500),
(55221, 55000),
(55222, 55400),
(55224, 55000),
(55225, 55700),
(55226, 55600),
(55228, 55210),
(55229, 55300),
(55232, 55160),
(55236, 55100),
(55237, 55160),
(55239, 55100),
(55241, 55220),
(55242, 55160),
(55243, 55210),
(55244, 55400),
(55245, 55210),
(55246, 55290),
(55247, 55130),
(55248, 55130),
(55250, 55700),
(55251, 55220),
(55252, 55600),
(55253, 55120),
(55254, 55220),
(55255, 55600),
(55256, 55160),
(55257, 55120),
(55258, 55200),
(55260, 55120),
(55261, 55170),
(55262, 55600),
(55263, 55300),
(55264, 55300),
(55265, 55160),
(55266, 55120),
(55267, 55210),
(55268, 55300),
(55269, 55260),
(55270, 55300),
(55271, 55800),
(55272, 55800),
(55274, 55300),
(55275, 55700),
(55276, 55100),
(55278, 55190),
(55279, 55700),
(55280, 55400),
(55281, 55160),
(55282, 55260),
(55284, 55170),
(55285, 55120),
(55286, 55220),
(55288, 55200),
(55289, 55260),
(55290, 55260),
(55291, 55500),
(55292, 55110),
(55293, 55110),
(55295, 55250),
(55296, 55000),
(55297, 55150),
(55298, 55),
(55299, 55230),
(55300, 55500),
(55301, 55260),
(55302, 55000),
(55303, 55300),
(55304, 55800),
(55306, 55600),
(55307, 55100),
(55310, 55700),
(55311, 55160),
(55312, 55300),
(55313, 55270),
(55315, 55290),
(55316, 55150),
(55317, 55160),
(55320, 55160),
(55321, 55100),
(55322, 55190),
(55323, 55700),
(55324, 55600),
(55325, 55400),
(55326, 55500),
(55327, 55190),
(55328, 55140),
(55329, 55300),
(55330, 55190),
(55331, 55190),
(55332, 55500),
(55333, 55260),
(55334, 55190),
(55335, 55500),
(55336, 55150),
(55338, 55110),
(55339, 55400),
(55340, 55800),
(55341, 55150),
(55343, 55270),
(55344, 55140),
(55345, 55110),
(55346, 55270),
(55347, 55320),
(55348, 55290),
(55349, 55110),
(55350, 55140),
(55351, 55600),
(55352, 55000),
(55353, 55300),
(55355, 55100),
(55356, 55400),
(55357, 55400),
(55358, 55500),
(55359, 55290),
(55360, 55320),
(55361, 55400),
(55362, 55700),
(55363, 55160),
(55364, 55700),
(55365, 55110),
(55366, 55000),
(55367, 55230),
(55368, 55190),
(55369, 55000),
(55370, 55500),
(55371, 55500),
(55372, 55500),
(55373, 55500),
(55374, 55500),
(55375, 55270),
(55376, 55500),
(55377, 55700),
(55378, 55800),
(55379, 55120),
(55380, 55260),
(55381, 55140),
(55382, 55800),
(55383, 55120),
(55384, 55260),
(55385, 55120),
(55386, 55210),
(55387, 55230),
(55388, 55800),
(55389, 55250),
(55391, 55700),
(55394, 55150),
(55395, 55220),
(55396, 55190),
(55397, 55140),
(55398, 55190),
(55399, 55160),
(55400, 55400),
(55401, 55300),
(55403, 55150),
(55404, 55260),
(55405, 55230),
(55406, 55160),
(55407, 55200),
(55408, 55700),
(55409, 55250),
(55410, 55600),
(55411, 55220),
(55412, 55300),
(55414, 55800),
(55415, 55300),
(55416, 55120),
(55419, 55120),
(55420, 55220),
(55421, 55190),
(55422, 55110),
(55423, 55250),
(55424, 55800),
(55425, 55600),
(55426, 55000),
(55427, 55800),
(55428, 55150),
(55429, 55160),
(55430, 55290),
(55431, 55300),
(55433, 55140),
(55434, 55140),
(55435, 55000),
(55436, 55130),
(55437, 55150),
(55438, 55110),
(55439, 55160),
(55442, 55260),
(55443, 55400),
(55444, 55300),
(55445, 55230),
(55446, 55000),
(55447, 55170),
(55448, 55260),
(55449, 55320),
(55450, 55150),
(55452, 55500),
(55453, 55220),
(55454, 55500),
(55456, 55140),
(55457, 55160),
(55458, 55400),
(55459, 55130),
(55460, 55200),
(55461, 55150),
(55462, 55210),
(55463, 55300),
(55464, 55230),
(55465, 55160),
(55466, 55000),
(55467, 55300),
(55468, 55100),
(55469, 55110),
(55470, 55000),
(55471, 55110),
(55472, 55500),
(55473, 55160),
(55474, 55140),
(55475, 55190),
(55476, 55000),
(55477, 55170),
(55479, 55000),
(55481, 55230),
(55482, 55220),
(55484, 55270),
(55485, 55140),
(55487, 55300),
(55488, 55000),
(55489, 55100),
(55490, 55110),
(55492, 55320),
(55493, 55800),
(55494, 55170),
(55495, 55230),
(55496, 55190),
(55497, 55220),
(55498, 55220),
(55500, 55230),
(55501, 55500),
(55502, 55700),
(55503, 55140),
(55504, 55000),
(55505, 55840),
(55506, 55260),
(55507, 55210),
(55508, 55600),
(55509, 55600),
(55510, 55600),
(55511, 55600),
(55512, 55220),
(55514, 55000),
(55515, 55160),
(55516, 55130),
(55517, 55250),
(55518, 55500),
(55519, 55310),
(55520, 55190),
(55521, 55300),
(55522, 55140),
(55523, 55100),
(55525, 55220),
(55526, 55200),
(55527, 55270),
(55528, 55300),
(55530, 55300),
(55531, 55800),
(55532, 55250),
(55533, 55140),
(55534, 55130),
(55535, 55230),
(55536, 55270),
(55537, 55400),
(55540, 55300),
(55541, 55000),
(55543, 55500),
(55544, 55600),
(55545, 55100),
(55546, 55600),
(55547, 55600),
(55549, 55270),
(55551, 55210),
(55552, 55600),
(55553, 55200),
(55554, 55600),
(55555, 55260),
(55556, 55150),
(55557, 55160),
(55559, 55190),
(55560, 55800),
(55561, 55110),
(55562, 55500),
(55563, 55150),
(55565, 55160),
(55566, 55220),
(55567, 55120),
(55568, 55000),
(55569, 55250),
(55570, 55260),
(55571, 55110),
(55572, 55150),
(55573, 55190),
(55574, 55130),
(55575, 55130),
(55577, 55250),
(55578, 55400),
(55579, 55160),
(55580, 55150),
(55581, 55500),
(55582, 55700),
(55583, 55210),
(55584, 55300),
(55586, 55300),
(57001, 57920),
(57002, 57590),
(57003, 57560),
(57004, 57340),
(57006, 57412),
(57007, 57580),
(57008, 57380),
(57009, 57590),
(57010, 57590),
(57011, 57670),
(57012, 57440),
(57013, 57515),
(57014, 57660),
(57015, 57730),
(57016, 57320),
(57017, 57865),
(57018, 57170),
(57019, 57360),
(57020, 57580),
(57021, 57130),
(57022, 57440),
(57024, 57640),
(57025, 57320),
(57026, 57480),
(57027, 57380),
(57028, 57640),
(57029, 57580),
(57030, 57680),
(57031, 57530),
(57032, 57130),
(57033, 57405),
(57034, 57790),
(57035, 57260),
(57036, 57170),
(57037, 57580),
(57038, 57390),
(57039, 57685),
(57040, 57590),
(57041, 57710),
(57042, 57810),
(57043, 57300),
(57044, 57810),
(57045, 57590),
(57046, 57230),
(57047, 57690),
(57048, 57220),
(57049, 57050),
(57050, 57830),
(57051, 57340),
(57052, 57450),
(57053, 57260),
(57054, 57580),
(57055, 57530),
(57056, 57830),
(57057, 57580),
(57058, 57460),
(57059, 57340),
(57060, 57670),
(57061, 57800),
(57062, 57570),
(57063, 57660),
(57064, 57370),
(57065, 57340),
(57066, 57930),
(57067, 57310),
(57069, 57550),
(57070, 57220),
(57071, 57930),
(57072, 57640),
(57073, 57800),
(57074, 57410),
(57075, 57580),
(57076, 57570),
(57077, 57630),
(57079, 57320),
(57080, 57635),
(57081, 57260),
(57082, 57660),
(57083, 57410),
(57084, 57170),
(57085, 57220),
(57086, 57930),
(57087, 57220),
(57088, 57660),
(57089, 57230),
(57090, 57260),
(57091, 57200),
(57092, 57200),
(57093, 57200),
(57095, 57220),
(57096, 57655),
(57097, 57220),
(57098, 57260),
(57099, 57810),
(57100, 57370),
(57101, 57460),
(57102, 57310),
(57103, 57230),
(57104, 57570),
(57105, 57380),
(57106, 57320),
(57107, 57340),
(57108, 57720),
(57109, 57570),
(57110, 57320),
(57111, 57535),
(57112, 57220),
(57113, 57565),
(57114, 57635),
(57115, 57340),
(57116, 57420),
(57117, 57920),
(57118, 57970),
(57119, 57400),
(57120, 57170),
(57121, 57220),
(57122, 57450),
(57123, 57490),
(57124, 57570),
(57125, 57365),
(57126, 57170),
(57127, 57580),
(57128, 57220),
(57129, 57640),
(57130, 57340),
(57131, 57320),
(57132, 57170),
(57133, 57170),
(57134, 57160),
(57136, 57320),
(57137, 57420),
(57138, 57580),
(57139, 57420),
(57140, 57245),
(57141, 57590),
(57142, 57070),
(57143, 57185),
(57144, 57800),
(57145, 57530),
(57146, 57420),
(57147, 57420),
(57148, 57530),
(57149, 57320),
(57150, 57220),
(57151, 57340),
(57152, 57480),
(57153, 57680),
(57154, 57220),
(57155, 57530),
(57156, 57530),
(57158, 57590),
(57159, 57690),
(57160, 57150),
(57161, 57260),
(57162, 57420),
(57163, 57850),
(57165, 57550),
(57166, 57340),
(57167, 57320),
(57168, 57370),
(57169, 57820),
(57171, 57590),
(57172, 57220),
(57173, 57260),
(57174, 57340),
(57175, 57830),
(57176, 57980),
(57177, 57260),
(57178, 57660),
(57179, 57925),
(57180, 57400),
(57181, 57260),
(57182, 57590),
(57183, 57810),
(57184, 57130),
(57186, 57320),
(57187, 57220),
(57188, 57230),
(57189, 57340),
(57190, 57690),
(57191, 57970),
(57192, 57415),
(57193, 57365),
(57194, 57330),
(57195, 57720),
(57196, 57720),
(57197, 57510),
(57198, 57660),
(57199, 57330),
(57200, 57530),
(57201, 57412),
(57202, 57460),
(57203, 57570),
(57204, 57640),
(57205, 57550),
(57206, 57290),
(57207, 57450),
(57208, 57450),
(57209, 57380),
(57210, 57930),
(57211, 57280),
(57212, 57420),
(57213, 57320),
(57214, 57570),
(57215, 57320),
(57216, 57635),
(57217, 57690),
(57218, 57420),
(57219, 57365),
(57220, 57580),
(57221, 57190),
(57222, 57600),
(57224, 57730),
(57225, 57590),
(57226, 57650),
(57227, 57600),
(57228, 57590),
(57229, 57830),
(57230, 57220),
(57231, 57420),
(57232, 57670),
(57233, 57790),
(57234, 57200),
(57235, 57320),
(57236, 57590),
(57237, 57660),
(57238, 57170),
(57239, 57660),
(57240, 57800),
(57241, 57810),
(57242, 57175),
(57244, 57820),
(57245, 57570),
(57246, 57260),
(57247, 57170),
(57248, 57670),
(57249, 57530),
(57250, 57620),
(57251, 57420),
(57252, 57220),
(57253, 57815),
(57254, 57680),
(57255, 57930),
(57256, 57130),
(57257, 57170),
(57258, 57660),
(57259, 57480),
(57260, 57520),
(57261, 57410),
(57262, 57660),
(57263, 57510),
(57264, 57510),
(57265, 57260),
(57266, 57260),
(57267, 57430),
(57268, 57260),
(57269, 57310),
(57270, 57260),
(57271, 57470),
(57272, 57260),
(57273, 57320),
(57274, 57880),
(57275, 57380),
(57276, 57690),
(57277, 57220),
(57278, 57670),
(57280, 57405),
(57281, 57340),
(57282, 57570),
(57283, 57300),
(57284, 57690),
(57286, 57480),
(57287, 57970),
(57288, 57880),
(57289, 57910),
(57290, 57170),
(57291, 57370),
(57292, 57590),
(57293, 57580),
(57294, 57230),
(57295, 57630),
(57296, 57550),
(57297, 57340),
(57298, 57870),
(57299, 57870),
(57300, 57850),
(57301, 57230),
(57302, 57790),
(57303, 57280),
(57304, 57400),
(57305, 57650),
(57306, 57700),
(57307, 57530),
(57308, 57430),
(57309, 57320),
(57310, 57930),
(57311, 57660),
(57312, 57220),
(57313, 57690),
(57314, 57830),
(57315, 57820),
(57316, 57450),
(57317, 57635),
(57318, 57790),
(57319, 57580),
(57320, 57830),
(57321, 57400),
(57322, 57320),
(57323, 57330),
(57324, 57400),
(57325, 57510),
(57326, 57220),
(57328, 57380),
(57329, 57220),
(57330, 57510),
(57331, 57920),
(57332, 57470),
(57333, 57405),
(57334, 57870),
(57335, 57670),
(57336, 57490),
(57337, 57510),
(57338, 57720),
(57339, 57820),
(57340, 57990),
(57341, 57480),
(57342, 57830),
(57343, 57970),
(57344, 57400),
(57345, 57970),
(57346, 57670),
(57347, 57670),
(57348, 57990),
(57349, 57590),
(57350, 57130),
(57351, 57245),
(57352, 57130),
(57353, 57630),
(57354, 57590),
(57355, 57412),
(57356, 57330),
(57357, 57430),
(57358, 57920),
(57359, 57920),
(57360, 57460),
(57361, 57480),
(57362, 57830),
(57364, 57480),
(57365, 57480),
(57366, 57430),
(57367, 57920),
(57368, 57240),
(57370, 57970),
(57371, 57480),
(57372, 57970),
(57373, 57730),
(57374, 57560),
(57375, 57810),
(57376, 57410),
(57377, 57830),
(57379, 57340),
(57380, 57790),
(57381, 57590),
(57382, 57400),
(57383, 57810),
(57384, 57660),
(57385, 57530),
(57386, 57385),
(57387, 57480),
(57388, 57480),
(57389, 57660),
(57390, 57620),
(57391, 57590),
(57392, 57580),
(57393, 57720),
(57394, 57670),
(57395, 57580),
(57396, 57160),
(57397, 57810),
(57398, 57660),
(57399, 57630),
(57401, 57340),
(57402, 57230),
(57403, 57420),
(57404, 57260),
(57405, 57260),
(57406, 57590),
(57407, 57635),
(57408, 57520),
(57409, 57660),
(57410, 57670),
(57411, 57650),
(57412, 57050),
(57413, 57740),
(57414, 57790),
(57415, 57050),
(57416, 57420),
(57417, 57670),
(57418, 57670),
(57419, 57510),
(57421, 57720),
(57422, 57420),
(57423, 57170),
(57424, 57590),
(57425, 57580),
(57426, 57935),
(57427, 57820),
(57428, 57730),
(57430, 57380),
(57431, 57530),
(57432, 57530),
(57433, 57280),
(57434, 57810),
(57436, 57590),
(57437, 57480),
(57438, 57640),
(57439, 57480),
(57440, 57590),
(57441, 57100),
(57442, 57380),
(57443, 57535),
(57444, 57690),
(57445, 57420),
(57446, 57670),
(57447, 57155),
(57448, 57630),
(57449, 57530),
(57451, 57340),
(57452, 57140),
(57453, 57660),
(57454, 57245),
(57455, 57220),
(57456, 57960),
(57457, 57320),
(57459, 57480),
(57460, 57550),
(57461, 57560),
(57462, 57370),
(57463, 57000),
(57463, 57050),
(57463, 57070),
(57464, 57920),
(57465, 57940),
(57466, 57980),
(57467, 57070),
(57468, 57370),
(57469, 57930),
(57470, 57670),
(57471, 57220),
(57472, 57420),
(57473, 57810),
(57474, 57300),
(57475, 57570),
(57476, 57920),
(57477, 57415),
(57478, 57670),
(57479, 57480),
(57480, 57950),
(57481, 57860),
(57482, 57645),
(57483, 57340),
(57484, 57600),
(57485, 57170),
(57486, 57590),
(57487, 57160),
(57488, 57770),
(57489, 57620),
(57490, 57630),
(57491, 57250),
(57492, 57250),
(57493, 57260),
(57494, 57670),
(57495, 57220),
(57496, 57670),
(57497, 57670),
(57498, 57700),
(57499, 57910),
(57500, 57830),
(57501, 57670),
(57502, 57320),
(57504, 57560),
(57505, 57565),
(57506, 57930),
(57507, 57220),
(57508, 57240),
(57509, 57790),
(57510, 57645),
(57511, 57140),
(57512, 57645),
(57513, 57720),
(57514, 57990),
(57515, 57680),
(57516, 57320),
(57517, 57720),
(57518, 57930),
(57519, 57220),
(57520, 57170),
(57521, 57600),
(57523, 57530),
(57524, 57810),
(57525, 57590),
(57526, 57720),
(57527, 57420),
(57528, 57590),
(57529, 57840),
(57530, 57220),
(57531, 57970),
(57532, 57420),
(57533, 57530),
(57534, 57245),
(57535, 57410),
(57536, 57660),
(57537, 57540),
(57538, 57170),
(57539, 57340),
(57540, 57370),
(57541, 57230),
(57542, 57220),
(57543, 57120),
(57544, 57870),
(57545, 57050),
(57546, 57140),
(57547, 57420),
(57548, 57420),
(57549, 57380),
(57550, 57890),
(57551, 57930),
(57552, 57420),
(57553, 57420),
(57554, 57420),
(57555, 57590),
(57556, 57510),
(57557, 57570),
(57558, 57170),
(57559, 57590),
(57560, 57340),
(57561, 57410),
(57562, 57700),
(57563, 57530),
(57564, 57810),
(57565, 57390),
(57566, 57445),
(57567, 57320),
(57568, 57200),
(57569, 57480),
(57570, 57550),
(57571, 57510),
(57572, 57580),
(57573, 57670),
(57574, 57570),
(57575, 57645),
(57576, 57480),
(57577, 57230),
(57578, 57130),
(57579, 57810),
(57580, 57340),
(57581, 57510),
(57582, 57270),
(57583, 57830),
(57584, 57720),
(57585, 57480),
(57586, 57840),
(57587, 57340),
(57588, 57570),
(57589, 57410),
(57590, 57720),
(57591, 57120),
(57592, 57930),
(57593, 57860),
(57594, 57230),
(57595, 57260),
(57596, 57800),
(57597, 57780),
(57598, 57520),
(57599, 57220),
(57600, 57330),
(57601, 57160),
(57602, 57310),
(57603, 57390),
(57604, 57480),
(57605, 57420),
(57606, 57500),
(57607, 57640),
(57609, 57580),
(57610, 57320),
(57611, 57830),
(57612, 57640),
(57613, 57930),
(57614, 57370),
(57615, 57510),
(57616, 57070),
(57617, 57420),
(57618, 57820),
(57619, 57620),
(57620, 57255),
(57621, 57260),
(57622, 57855),
(57623, 57560),
(57624, 57130),
(57625, 57170),
(57626, 57640),
(57627, 57530),
(57628, 57430),
(57629, 57400),
(57630, 57400),
(57631, 57200),
(57633, 57905),
(57634, 57140),
(57635, 57370),
(57636, 57412),
(57637, 57400),
(57638, 57350),
(57639, 57230),
(57640, 57320),
(57641, 57720),
(57642, 57160),
(57643, 57420),
(57644, 57455),
(57645, 57280),
(57647, 57290),
(57648, 57530),
(57649, 57640),
(57650, 57480),
(57651, 57410),
(57652, 57420),
(57653, 57420),
(57654, 57530),
(57655, 57420),
(57656, 57580),
(57657, 57170),
(57658, 57960),
(57659, 57350),
(57660, 57350),
(57661, 57230),
(57662, 57340),
(57663, 57525),
(57664, 57260),
(57665, 57980),
(57666, 57180),
(57667, 57220),
(57668, 57385),
(57669, 57450),
(57670, 57380),
(57671, 57580),
(57672, 57100),
(57673, 57380),
(57674, 57590),
(57675, 57670),
(57676, 57580),
(57677, 57300),
(57678, 57710),
(57679, 57385),
(57680, 57870),
(57681, 57320),
(57682, 57560),
(57683, 57270),
(57684, 57660),
(57685, 57670),
(57686, 57380),
(57687, 57340),
(57689, 57970),
(57690, 57730),
(57691, 57220),
(57692, 57340),
(57693, 57070),
(57694, 57070),
(57695, 57220),
(57696, 57880),
(57697, 57560),
(57698, 57580),
(57700, 57320),
(57701, 57130),
(57702, 57170),
(57703, 57370),
(57704, 57920),
(57705, 57220),
(57706, 57260),
(57707, 57130),
(57708, 57420),
(57709, 57370),
(57711, 57670),
(57712, 57630),
(57713, 57635),
(57714, 57690),
(57715, 57420),
(57716, 57640),
(57717, 57340),
(57718, 57530),
(57719, 57340),
(57720, 57550),
(57721, 57370),
(57722, 57130),
(57723, 57340),
(57724, 57185),
(57725, 57670),
(57726, 57580),
(57727, 57590),
(57728, 57580),
(57730, 57220),
(57731, 57330),
(57732, 57720),
(57733, 57940),
(57734, 57560),
(57736, 57640),
(57737, 57420),
(57738, 57720),
(57739, 57320),
(57740, 57480),
(57741, 57720),
(57742, 57870),
(57743, 57370),
(57745, 57200),
(57746, 57430),
(57747, 57635),
(57748, 57905),
(57749, 57320),
(57750, 57200),
(57751, 57140),
(57752, 57915),
(57753, 57170),
(57754, 57630),
(57755, 57590),
(57756, 57830),
(57757, 57970),
(57759, 57340),
(57760, 57905),
(57761, 57370),
(57762, 57690),
(57763, 57260),
(57764, 57330),
(57765, 57890),
(57767, 57970),
(88001, 88270),
(88002, 88500),
(88003, 88140),
(88004, 88320),
(88005, 88110),
(88006, 88500),
(88007, 88410),
(88008, 88700),
(88009, 88650),
(88010, 88170),
(88011, 88380),
(88012, 88380),
(88013, 88170),
(88014, 88430),
(88015, 88300),
(88016, 88260),
(88017, 88300),
(88018, 88640),
(88019, 88300),
(88020, 88300),
(88021, 88700),
(88022, 88140),
(88023, 88500),
(88024, 88130),
(88025, 88630),
(88026, 88600),
(88027, 88330),
(88028, 88460),
(88029, 88240),
(88030, 88270),
(88031, 88170),
(88032, 88520),
(88033, 88210),
(88035, 88640),
(88036, 88300),
(88037, 88120),
(88038, 88130),
(88039, 88500),
(88040, 88150),
(88041, 88270),
(88042, 88700),
(88043, 88500),
(88044, 88300),
(88045, 88300),
(88046, 88600),
(88047, 88270),
(88048, 88370),
(88049, 88260),
(88050, 88600),
(88051, 88800),
(88052, 88260),
(88053, 88210),
(88054, 88520),
(88055, 88450),
(88056, 88500),
(88057, 88490),
(88058, 88170),
(88059, 88430),
(88060, 88500),
(88061, 88410),
(88062, 88320),
(88063, 88270),
(88064, 88600),
(88065, 88260),
(88066, 88500),
(88068, 88470),
(88069, 88270),
(88070, 88130),
(88071, 88270),
(88073, 88130),
(88074, 88350),
(88075, 88250),
(88076, 88600),
(88077, 88700),
(88078, 88600),
(88079, 88140),
(88080, 88700),
(88081, 88540),
(88082, 88110),
(88083, 88300),
(88084, 88130),
(88085, 88640),
(88086, 88600),
(88087, 88000),
(88088, 88240),
(88089, 88600),
(88090, 88130),
(88091, 88460),
(88092, 88270),
(88093, 88210),
(88094, 88330),
(88095, 88170),
(88096, 88410),
(88097, 88500),
(88098, 88390),
(88099, 88150),
(88100, 88500),
(88101, 88460),
(88102, 88630),
(88103, 88270),
(88104, 88300),
(88105, 88410),
(88106, 88230),
(88107, 88630),
(88108, 88240),
(88109, 88120),
(88110, 88700),
(88111, 88100),
(88112, 88490),
(88113, 88490),
(88114, 88140),
(88115, 88430),
(88116, 88310),
(88117, 88170),
(88118, 88630),
(88119, 88140),
(88120, 88520),
(88121, 88330),
(88122, 88270),
(88123, 88320),
(88124, 88260),
(88125, 88170),
(88126, 88390),
(88127, 88700),
(88128, 88210),
(88129, 88270),
(88130, 88600),
(88131, 88600),
(88132, 88000),
(88133, 88000),
(88134, 88000),
(88135, 88460),
(88136, 88000),
(88137, 88170),
(88138, 88260),
(88139, 88500),
(88140, 88140),
(88141, 88170),
(88142, 88390),
(88143, 88330),
(88144, 88500),
(88145, 88600),
(88146, 88800),
(88147, 88390),
(88148, 88200),
(88149, 88260),
(88150, 88170),
(88151, 88270),
(88152, 88600),
(88153, 88700),
(88154, 88630),
(88155, 88500),
(88156, 88700),
(88157, 88220),
(88158, 88510),
(88159, 88650),
(88160, 88000),
(88161, 88260),
(88162, 88260),
(88163, 88130),
(88164, 88500),
(88165, 88480),
(88166, 88450),
(88167, 88460),
(88168, 88700),
(88169, 88600),
(88170, 88360),
(88171, 88410),
(88172, 88600),
(88173, 88130),
(88174, 88390),
(88175, 88600),
(88176, 88240),
(88177, 88530),
(88178, 88390),
(88179, 88320),
(88180, 88320),
(88181, 88230),
(88182, 88490),
(88183, 88630),
(88184, 88600),
(88185, 88500),
(88186, 88500),
(88187, 88270),
(88188, 88160),
(88189, 88350),
(88190, 88440),
(88192, 88270),
(88193, 88520),
(88194, 88170),
(88195, 88140),
(88196, 88400),
(88197, 88120),
(88198, 88430),
(88199, 88320),
(88200, 88390),
(88201, 88390),
(88202, 88500),
(88203, 88600),
(88204, 88150),
(88205, 88340),
(88206, 88170),
(88208, 88410),
(88209, 88190),
(88210, 88270),
(88212, 88350),
(88213, 88490),
(88214, 88240),
(88215, 88210),
(88216, 88600),
(88218, 88640),
(88219, 88630),
(88220, 88410),
(88221, 88240),
(88222, 88600),
(88223, 88450),
(88224, 88330),
(88225, 88220),
(88226, 88270),
(88227, 88300),
(88228, 88330),
(88229, 88300),
(88230, 88700),
(88231, 88800),
(88232, 88300),
(88233, 88270),
(88234, 88240),
(88235, 88240),
(88236, 88240),
(88237, 88270),
(88238, 88260),
(88239, 88130),
(88240, 88600),
(88241, 88170),
(88242, 88300),
(88243, 88700),
(88244, 88430),
(88245, 88210),
(88246, 88500),
(88247, 88150),
(88248, 88320),
(88249, 88300),
(88250, 88550),
(88251, 88700),
(88252, 88260),
(88253, 88000),
(88254, 88500),
(88255, 88630),
(88256, 88640),
(88257, 88500),
(88258, 88320),
(88259, 88300),
(88260, 88130),
(88261, 88600),
(88262, 88600),
(88263, 88640),
(88264, 88270),
(88265, 88300),
(88266, 88600),
(88267, 88260),
(88268, 88490),
(88269, 88400),
(88270, 88350),
(88271, 88800),
(88272, 88410),
(88273, 88000),
(88274, 88170),
(88275, 88490),
(88276, 88490),
(88277, 88110),
(88278, 88170),
(88279, 88270),
(88280, 88450),
(88281, 88270),
(88282, 88240),
(88283, 88140),
(88284, 88650),
(88285, 88800),
(88286, 88130),
(88287, 88320),
(88288, 88270),
(88289, 88320),
(88290, 88300),
(88291, 88410),
(88292, 88500),
(88293, 88630),
(88294, 88150),
(88295, 88500),
(88296, 88140),
(88297, 88600),
(88298, 88700),
(88299, 88500),
(88300, 88210),
(88301, 88700),
(88302, 88160),
(88303, 88630),
(88304, 88500),
(88305, 88630),
(88306, 88210),
(88307, 88320),
(88308, 88300),
(88309, 88800),
(88310, 88410),
(88311, 88240),
(88312, 88170),
(88313, 88330),
(88314, 88320),
(88315, 88600),
(88316, 88140),
(88317, 88210),
(88318, 88700),
(88319, 88420),
(88320, 88100),
(88321, 88300),
(88322, 88600),
(88324, 88170),
(88325, 88800),
(88326, 88100),
(88327, 88440),
(88328, 88470),
(88330, 88260),
(88331, 88600),
(88332, 88800),
(88333, 88700),
(88334, 88500),
(88335, 88500),
(88336, 88170),
(88337, 88150),
(88338, 88700),
(88340, 88700),
(88341, 88100),
(88342, 88330),
(88343, 88800),
(88344, 88350),
(88345, 88490),
(88346, 88210),
(88347, 88270),
(88348, 88600),
(88349, 88230),
(88350, 88170),
(88351, 88370),
(88352, 88300),
(88353, 88260),
(88354, 88500),
(88355, 88330),
(88356, 88600),
(88357, 88500),
(88358, 88550),
(88359, 88600),
(88360, 88260),
(88361, 88490),
(88362, 88210),
(88363, 88630),
(88364, 88500),
(88365, 88270),
(88366, 88170),
(88367, 88700),
(88368, 88500),
(88369, 88160),
(88370, 88270),
(88371, 88220),
(88372, 88110),
(88373, 88110),
(88374, 88130),
(88375, 88520),
(88376, 88300),
(88377, 88410),
(88378, 88450),
(88379, 88330),
(88380, 88640),
(88381, 88260),
(88382, 88500),
(88383, 88200),
(88385, 88800),
(88386, 88100),
(88387, 88170),
(88388, 88390),
(88389, 88500),
(88390, 88320),
(88391, 88120),
(88392, 88320),
(88393, 88300),
(88394, 88320),
(88395, 88700),
(88398, 88600),
(88399, 88460),
(88400, 88500),
(88401, 88170),
(88402, 88700),
(88403, 88500),
(88404, 88320),
(88406, 88130),
(88407, 88630),
(88408, 88360),
(88409, 88120),
(88410, 88700),
(88411, 88260),
(88412, 88700),
(88413, 88100),
(88415, 88200),
(88416, 88700),
(88417, 88700),
(88418, 88700),
(88419, 88210),
(88421, 88410),
(88423, 88650),
(88424, 88100),
(88425, 88700),
(88426, 88560),
(88427, 88170),
(88428, 88470),
(88429, 88200),
(88430, 88140),
(88431, 88170),
(88432, 88700),
(88433, 88500),
(88434, 88800),
(88435, 88480),
(88436, 88210),
(88437, 88270),
(88438, 88470),
(88439, 88390),
(88440, 88170),
(88441, 88260),
(88442, 88120),
(88443, 88300),
(88444, 88210),
(88445, 88580),
(88446, 88140),
(88447, 88290),
(88448, 88140),
(88449, 88130),
(88450, 88320),
(88451, 88210),
(88452, 88260),
(88453, 88630),
(88454, 88600),
(88455, 88320),
(88456, 88320),
(88457, 88630),
(88458, 88130),
(88459, 88170),
(88460, 88630),
(88461, 88140),
(88462, 88120),
(88463, 88100),
(88464, 88460),
(88465, 88150),
(88466, 88800),
(88467, 88290),
(88468, 88160),
(88469, 88500),
(88470, 88530),
(88471, 88410),
(88472, 88260),
(88473, 88320),
(88474, 88300),
(88475, 88320),
(88476, 88500),
(88477, 88350),
(88478, 88300),
(88479, 88240),
(88480, 88130),
(88481, 88220),
(88482, 88140),
(88483, 88390),
(88484, 88220),
(88485, 88140),
(88486, 88120),
(88487, 88340),
(88488, 88270),
(88489, 88270),
(88490, 88800),
(88491, 88260),
(88492, 88230),
(88493, 88450),
(88494, 88500),
(88495, 88000),
(88496, 88140),
(88497, 88330),
(88498, 88200),
(88499, 88270),
(88500, 88310),
(88501, 88210),
(88502, 88600),
(88503, 88110),
(88504, 88170),
(88505, 88430),
(88506, 88210),
(88507, 88500),
(88508, 88270),
(88509, 88150),
(88510, 88320),
(88511, 88350),
(88512, 88600),
(88513, 88450),
(88514, 88170),
(88515, 88260),
(88516, 88800),
(88517, 88260),
(88518, 88500),
(88519, 88470),
(88520, 88240),
(88521, 88700),
(88522, 88500),
(88523, 88170),
(88524, 88140),
(88525, 88500),
(88526, 88520),
(88527, 88700),
(88528, 88460),
(88529, 88130),
(88530, 88220),
(88531, 88400),
(88532, 88330);

-- --------------------------------------------------------

--
-- Structure de la table `departement`
--

CREATE TABLE `departement` (
  `codeDepartement` int(2) NOT NULL,
  `nomDepartement` varchar(40) NOT NULL
) ENGINE=InnoDB DEFAULT CHARSET=latin1;

--
-- Contenu de la table `departement`
--

INSERT INTO `departement` (`codeDepartement`, `nomDepartement`) VALUES
(54, 'Meurthe et Moselle'),
(55, 'Meuse'),
(57, 'Moselle'),
(88, 'Vosges');

-- --------------------------------------------------------

--
-- Structure de la table `ville`
--

CREATE TABLE `ville` (
  `codeVille` int(5) NOT NULL,
  `nomCommune` varchar(40) NOT NULL,
  `codeDepartement` int(2) NOT NULL
) ENGINE=InnoDB DEFAULT CHARSET=latin1;

--
-- Contenu de la table `ville`
--

INSERT INTO `ville` (`codeVille`, `nomCommune`, `codeDepartement`) VALUES
(54001, 'Abaucourt', 54),
(54002, 'Abbéville-lès-Conflans', 54),
(54003, 'Aboncourt', 54),
(54004, 'Affléville', 54),
(54005, 'Affracourt', 54),
(54006, 'Agincourt', 54),
(54007, 'Aingeray', 54),
(54008, 'Allain', 54),
(54009, 'Allamont', 54),
(54010, 'Allamps', 54),
(54011, 'Allondrelle-la-Malmaison', 54),
(54012, 'Amance', 54),
(54013, 'Amenoncourt', 54),
(54014, 'Ancerviller', 54),
(54015, 'Anderny', 54),
(54016, 'Andilly', 54),
(54017, 'Angomont', 54),
(54018, 'Anoux', 54),
(54019, 'Ansauville', 54),
(54020, 'Anthelupt', 54),
(54021, 'Armaucourt', 54),
(54022, 'Arnaville', 54),
(54023, 'Arracourt', 54),
(54024, 'Arraye-et-Han', 54),
(54025, 'Art-sur-Meurthe', 54),
(54026, 'Athienville', 54),
(54027, 'Atton', 54),
(54028, 'Auboué', 54),
(54029, 'Audun-le-Roman', 54),
(54030, 'Autrepierre', 54),
(54031, 'Autreville-sur-Moselle', 54),
(54032, 'Autrey', 54),
(54033, 'Avillers', 54),
(54034, 'Avrainville', 54),
(54035, 'Avricourt', 54),
(54036, 'Avril', 54),
(54037, 'Azelot', 54),
(54038, 'Azerailles', 54),
(54039, 'Baccarat', 54),
(54040, 'Badonviller', 54),
(54041, 'Bagneux', 54),
(54042, 'Bainville-aux-Miroirs', 54),
(54043, 'Bainville-sur-Madon', 54),
(54044, 'Barbas', 54),
(54045, 'Barbonville', 54),
(54046, 'Barisey-au-Plain', 54),
(54047, 'Barisey-la-Côte', 54),
(54048, 'Les Baroches', 54),
(54049, 'Baslieux', 54),
(54050, 'Bathelémont', 54),
(54051, 'Batilly', 54),
(54052, 'Battigny', 54),
(54053, 'Bauzemont', 54),
(54054, 'Bayon', 54),
(54055, 'Bayonville-sur-Mad', 54),
(54056, 'Bazailles', 54),
(54057, 'Beaumont', 54),
(54058, 'Béchamps', 54),
(54059, 'Belleau', 54),
(54060, 'Belleville', 54),
(54061, 'Bénaménil', 54),
(54062, 'Benney', 54),
(54063, 'Bernécourt', 54),
(54064, 'Bertrambois', 54),
(54065, 'Bertrichamps', 54),
(54066, 'Bettainvillers', 54),
(54067, 'Beuveille', 54),
(54068, 'Beuvezin', 54),
(54069, 'Beuvillers', 54),
(54070, 'Bey-sur-Seille', 54),
(54071, 'Bezange-la-Grande', 54),
(54072, 'Bezaumont', 54),
(54073, 'Bicqueley', 54),
(54074, 'Bienville-la-Petite', 54),
(54075, 'Bionville', 54),
(54076, 'Blainville-sur-l''Eau', 54),
(54077, 'Blâmont', 54),
(54078, 'Blémerey', 54),
(54079, 'Blénod-lès-Pont-à-Mousson', 54),
(54080, 'Blénod-lès-Toul', 54),
(54081, 'Boismont', 54),
(54082, 'Boncourt', 54),
(54083, 'Bonviller', 54),
(54084, 'Mont-Bonvillers', 54),
(54085, 'Borville', 54),
(54086, 'Boucq', 54),
(54087, 'Bouillonville', 54),
(54088, 'Bouvron', 54),
(54089, 'Bouxières-aux-Chênes', 54),
(54090, 'Bouxières-aux-Dames', 54),
(54091, 'Bouxières-sous-Froidmont', 54),
(54092, 'Bouzanville', 54),
(54093, 'Brainville', 54),
(54094, 'Bralleville', 54),
(54095, 'Bratte', 54),
(54096, 'Bréhain-la-Ville', 54),
(54097, 'Bréménil', 54),
(54098, 'Brémoncourt', 54),
(54099, 'Briey', 54),
(54100, 'Brin-sur-Seille', 54),
(54101, 'Brouville', 54),
(54102, 'Bruley', 54),
(54103, 'Bruville', 54),
(54104, 'Buissoncourt', 54),
(54105, 'Bulligny', 54),
(54106, 'Bures', 54),
(54107, 'Buriville', 54),
(54108, 'Burthecourt-aux-Chênes', 54),
(54109, 'Ceintrey', 54),
(54110, 'Cerville', 54),
(54111, 'Chaligny', 54),
(54112, 'Chambley-Bussières', 54),
(54113, 'Champenoux', 54),
(54114, 'Champey-sur-Moselle', 54),
(54115, 'Champigneulles', 54),
(54116, 'Chanteheux', 54),
(54117, 'Chaouilley', 54),
(54118, 'Charency-Vezin', 54),
(54119, 'Charey', 54),
(54120, 'Charmes-la-Côte', 54),
(54121, 'Charmois', 54),
(54122, 'Chaudeney-sur-Moselle', 54),
(54123, 'Chavigny', 54),
(54124, 'Chazelles-sur-Albe', 54),
(54125, 'Chenevières', 54),
(54126, 'Chenicourt', 54),
(54127, 'Chenières', 54),
(54128, 'Choloy-Ménillot', 54),
(54129, 'Cirey-sur-Vezouze', 54),
(54130, 'Clayeures', 54),
(54131, 'Clémery', 54),
(54132, 'Clérey-sur-Brenon', 54),
(54133, 'Coincourt', 54),
(54134, 'Colmey', 54),
(54135, 'Colombey-les-Belles', 54),
(54136, 'Conflans-en-Jarnisy', 54),
(54137, 'Cons-la-Grandville', 54),
(54138, 'Cosnes-et-Romain', 54),
(54139, 'Courbesseaux', 54),
(54140, 'Courcelles', 54),
(54141, 'Coyviller', 54),
(54142, 'Crantenoy', 54),
(54143, 'Crépey', 54),
(54144, 'Crévéchamps', 54),
(54145, 'Crévic', 54),
(54146, 'Crézilles', 54),
(54147, 'Crion', 54),
(54148, 'Croismare', 54),
(54149, 'Crusnes', 54),
(54150, 'Custines', 54),
(54151, 'Cutry', 54),
(54152, 'Damelevières', 54),
(54153, 'Dampvitoux', 54),
(54154, 'Deneuvre', 54),
(54155, 'Deuxville', 54),
(54156, 'Diarville', 54),
(54157, 'Dieulouard', 54),
(54158, 'Dolcourt', 54),
(54159, 'Dombasle-sur-Meurthe', 54),
(54160, 'Domèvre-en-Haye', 54),
(54161, 'Domèvre-sur-Vezouze', 54),
(54162, 'Domgermain', 54),
(54163, 'Domjevin', 54),
(54164, 'Dommarie-Eulmont', 54),
(54165, 'Dommartemont', 54),
(54166, 'Dommartin-la-Chaussée', 54),
(54167, 'Dommartin-lès-Toul', 54),
(54168, 'Dommartin-sous-Amance', 54),
(54169, 'Domprix', 54),
(54170, 'Domptail-en-l''Air', 54),
(54171, 'Doncourt-lès-Conflans', 54),
(54172, 'Doncourt-lès-Longuyon', 54),
(54173, 'Drouville', 54),
(54174, 'Écrouves', 54),
(54175, 'Einvaux', 54),
(54176, 'Einville-au-Jard', 54),
(54177, 'Emberménil', 54),
(54178, 'Épiez-sur-Chiers', 54),
(54179, 'Éply', 54),
(54180, 'Erbéviller-sur-Amezule', 54),
(54181, 'Errouville', 54),
(54182, 'Essey-et-Maizerais', 54),
(54183, 'Essey-la-Côte', 54),
(54184, 'Essey-lès-Nancy', 54),
(54185, 'Étreval', 54),
(54186, 'Eulmont', 54),
(54187, 'Euvezin', 54),
(54188, 'Faulx', 54),
(54189, 'Favières', 54),
(54190, 'Fécocourt', 54),
(54191, 'Fenneviller', 54),
(54192, 'Ferrières', 54),
(54193, 'Fey-en-Haye', 54),
(54194, 'Fillières', 54),
(54195, 'Flainval', 54),
(54196, 'Flavigny-sur-Moselle', 54),
(54197, 'Fléville-devant-Nancy', 54),
(54198, 'Fléville-Lixières', 54),
(54199, 'Flin', 54),
(54200, 'Flirey', 54),
(54201, 'Fontenoy-la-Joûte', 54),
(54202, 'Fontenoy-sur-Moselle', 54),
(54203, 'Forcelles-Saint-Gorgon', 54),
(54204, 'Forcelles-sous-Gugney', 54),
(54205, 'Foug', 54),
(54206, 'Fraimbois', 54),
(54207, 'Fraisnes-en-Saintois', 54),
(54208, 'Francheville', 54),
(54209, 'Franconville', 54),
(54210, 'Fréménil', 54),
(54211, 'Frémonville', 54),
(54212, 'Fresnois-la-Montagne', 54),
(54213, 'Friauville', 54),
(54214, 'Frolois', 54),
(54215, 'Frouard', 54),
(54216, 'Froville', 54),
(54217, 'Gélacourt', 54),
(54218, 'Gélaucourt', 54),
(54219, 'Gellenoncourt', 54),
(54220, 'Gémonville', 54),
(54221, 'Gerbécourt-et-Haplemont', 54),
(54222, 'Gerbéviller', 54),
(54223, 'Germiny', 54),
(54224, 'Germonville', 54),
(54225, 'Gézoncourt', 54),
(54226, 'Gibeaumeix', 54),
(54227, 'Giraumont', 54),
(54228, 'Giriviller', 54),
(54229, 'Glonville', 54),
(54230, 'Gogney', 54),
(54231, 'Gondrecourt-Aix', 54),
(54232, 'Gondreville', 54),
(54233, 'Gondrexon', 54),
(54234, 'Gorcy', 54),
(54235, 'Goviller', 54),
(54236, 'Grand-Failly', 54),
(54237, 'Grimonviller', 54),
(54238, 'Gripport', 54),
(54239, 'Griscourt', 54),
(54240, 'Grosrouvres', 54),
(54241, 'Gugney', 54),
(54242, 'Gye', 54),
(54243, 'Hablainville', 54),
(54244, 'Hagéville', 54),
(54245, 'Haigneville', 54),
(54246, 'Halloville', 54),
(54247, 'Hammeville', 54),
(54248, 'Hamonville', 54),
(54249, 'Hannonville-Suzémont', 54),
(54250, 'Haraucourt', 54),
(54251, 'Harbouey', 54),
(54252, 'Haroué', 54),
(54253, 'Hatrize', 54),
(54254, 'Haucourt-Moulaine', 54),
(54255, 'Haudonville', 54),
(54256, 'Haussonville', 54),
(54257, 'Heillecourt', 54),
(54258, 'Hénaménil', 54),
(54259, 'Herbéviller', 54),
(54260, 'Hériménil', 54),
(54261, 'Herserange', 54),
(54262, 'Hoéville', 54),
(54263, 'Homécourt', 54),
(54264, 'Houdelmont', 54),
(54265, 'Houdemont', 54),
(54266, 'Houdreville', 54),
(54268, 'Housséville', 54),
(54269, 'Hudiviller', 54),
(54270, 'Hussigny-Godbrange', 54),
(54271, 'Igney', 54),
(54272, 'Jaillon', 54),
(54273, 'Jarny', 54),
(54274, 'Jarville-la-Malgrange', 54),
(54275, 'Jaulny', 54),
(54276, 'Jeandelaincourt', 54),
(54277, 'Jeandelize', 54),
(54278, 'Jevoncourt', 54),
(54279, 'Jezainville', 54),
(54280, 'Jœuf', 54),
(54281, 'Jolivet', 54),
(54282, 'Joppécourt', 54),
(54283, 'Jouaville', 54),
(54284, 'Joudreville', 54),
(54285, 'Juvrecourt', 54),
(54286, 'Labry', 54),
(54287, 'Lachapelle', 54),
(54288, 'Lagney', 54),
(54289, 'Laître-sous-Amance', 54),
(54290, 'Laix', 54),
(54291, 'Lalœuf', 54),
(54292, 'Lamath', 54),
(54293, 'Landécourt', 54),
(54294, 'Landremont', 54),
(54295, 'Landres', 54),
(54296, 'Laneuvelotte', 54),
(54297, 'Laneuveville-aux-Bois', 54),
(54298, 'Laneuveville-derrière-Foug', 54),
(54299, 'Laneuveville-devant-Bayon', 54),
(54300, 'Laneuveville-devant-Nancy', 54),
(54301, 'Lanfroicourt', 54),
(54302, 'Lantéfontaine', 54),
(54303, 'Laronxe', 54),
(54304, 'Laxou', 54),
(54305, 'Lay-Saint-Christophe', 54),
(54306, 'Lay-Saint-Remy', 54),
(54307, 'Lebeuville', 54),
(54308, 'Leintrey', 54),
(54309, 'Lemainville', 54),
(54310, 'Leménil-Mitry', 54),
(54311, 'Lenoncourt', 54),
(54312, 'Lesménils', 54),
(54313, 'Létricourt', 54),
(54314, 'Lexy', 54),
(54315, 'Leyr', 54),
(54316, 'Limey-Remenauville', 54),
(54317, 'Lironville', 54),
(54318, 'Liverdun', 54),
(54320, 'Loisy', 54),
(54321, 'Longlaville', 54),
(54322, 'Longuyon', 54),
(54323, 'Longwy', 54),
(54324, 'Lorey', 54),
(54325, 'Loromontzey', 54),
(54326, 'Lubey', 54),
(54327, 'Lucey', 54),
(54328, 'Ludres', 54),
(54329, 'Lunéville', 54),
(54330, 'Lupcourt', 54),
(54331, 'Magnières', 54),
(54332, 'Maidières', 54),
(54333, 'Mailly-sur-Seille', 54),
(54334, 'Mairy-Mainville', 54),
(54335, 'Maixe', 54),
(54336, 'Maizières', 54),
(54337, 'Malavillers', 54),
(54338, 'Malleloy', 54),
(54339, 'Malzéville', 54),
(54340, 'Mamey', 54),
(54341, 'Mance', 54),
(54342, 'Mancieulles', 54),
(54343, 'Mandres-aux-Quatre-Tours', 54),
(54344, 'Mangonville', 54),
(54345, 'Manoncourt-en-Vermois', 54),
(54346, 'Manoncourt-en-Woëvre', 54),
(54348, 'Manonville', 54),
(54349, 'Manonviller', 54),
(54350, 'Marainviller', 54),
(54351, 'Marbache', 54),
(54352, 'Maron', 54),
(54353, 'Mars-la-Tour', 54),
(54354, 'Marthemont', 54),
(54355, 'Martincourt', 54),
(54356, 'Mattexey', 54),
(54357, 'Maxéville', 54),
(54358, 'Mazerulles', 54),
(54359, 'Méhoncourt', 54),
(54360, 'Ménil-la-Tour', 54),
(54362, 'Mercy-le-Bas', 54),
(54363, 'Mercy-le-Haut', 54),
(54364, 'Méréville', 54),
(54365, 'Merviller', 54),
(54366, 'Messein', 54),
(54367, 'Mexy', 54),
(54368, 'Mignéville', 54),
(54369, 'Millery', 54),
(54370, 'Minorville', 54),
(54371, 'Moineville', 54),
(54372, 'Moivrons', 54),
(54373, 'Moncel-lès-Lunéville', 54),
(54374, 'Moncel-sur-Seille', 54),
(54375, 'Montauville', 54),
(54376, 'Montenoy', 54),
(54377, 'Montigny', 54),
(54378, 'Montigny-sur-Chiers', 54),
(54379, 'Mont-l''Étroit', 54),
(54380, 'Mont-le-Vignoble', 54),
(54381, 'Montreux', 54),
(54382, 'Mont-Saint-Martin', 54),
(54383, 'Mont-sur-Meurthe', 54),
(54385, 'Morfontaine', 54),
(54386, 'Moriviller', 54),
(54387, 'Morville-sur-Seille', 54),
(54388, 'Mouacourt', 54),
(54389, 'Mouaville', 54),
(54390, 'Mousson', 54),
(54391, 'Moutiers', 54),
(54392, 'Moutrot', 54),
(54393, 'Moyen', 54),
(54394, 'Murville', 54),
(54395, 'Nancy', 54),
(54396, 'Neufmaisons', 54),
(54397, 'Neuves-Maisons', 54),
(54398, 'Neuviller-lès-Badonviller', 54),
(54399, 'Neuviller-sur-Moselle', 54),
(54400, 'Nomeny', 54),
(54401, 'Nonhigny', 54),
(54402, 'Norroy-le-Sec', 54),
(54403, 'Norroy-lès-Pont-à-Mousson', 54),
(54404, 'Noviant-aux-Prés', 54),
(54405, 'Ochey', 54),
(54406, 'Ogéviller', 54),
(54407, 'Ognéville', 54),
(54408, 'Olley', 54),
(54409, 'Omelmont', 54),
(54410, 'Onville', 54),
(54411, 'Ormes-et-Ville', 54),
(54412, 'Othe', 54),
(54413, 'Ozerailles', 54),
(54414, 'Pagney-derrière-Barine', 54),
(54415, 'Pagny-sur-Moselle', 54),
(54416, 'Pannes', 54),
(54417, 'Parey-Saint-Césaire', 54),
(54418, 'Parroy', 54),
(54419, 'Parux', 54),
(54420, 'Petit-Failly', 54),
(54421, 'Petitmont', 54),
(54422, 'Pettonville', 54),
(54423, 'Pexonne', 54),
(54424, 'Phlin', 54),
(54425, 'Piennes', 54),
(54426, 'Pierre-la-Treiche', 54),
(54427, 'Pierre-Percée', 54),
(54428, 'Pierrepont', 54),
(54429, 'Pierreville', 54),
(54430, 'Pompey', 54),
(54431, 'Pont-à-Mousson', 54),
(54432, 'Pont-Saint-Vincent', 54),
(54433, 'Port-sur-Seille', 54),
(54434, 'Praye', 54),
(54435, 'Prény', 54),
(54436, 'Preutin-Higny', 54),
(54437, 'Pulligny', 54),
(54438, 'Pulney', 54),
(54439, 'Pulnoy', 54),
(54440, 'Puxe', 54),
(54441, 'Puxieux', 54),
(54442, 'Quevilloncourt', 54),
(54443, 'Raon-lès-Leau', 54),
(54444, 'Raucourt', 54),
(54445, 'Raville-sur-Sânon', 54),
(54446, 'Réchicourt-la-Petite', 54),
(54447, 'Réclonville', 54),
(54449, 'Rehainviller', 54),
(54450, 'Reherrey', 54),
(54451, 'Réhon', 54),
(54452, 'Reillon', 54),
(54453, 'Rembercourt-sur-Mad', 54),
(54455, 'Remenoville', 54),
(54456, 'Réméréville', 54),
(54457, 'Remoncourt', 54),
(54458, 'Repaix', 54),
(54459, 'Richardménil', 54),
(54460, 'Rogéville', 54),
(54461, 'Romain', 54),
(54462, 'Rosières-aux-Salines', 54),
(54463, 'Rosières-en-Haye', 54),
(54464, 'Rouves', 54),
(54465, 'Roville-devant-Bayon', 54),
(54466, 'Royaumeix', 54),
(54467, 'Rozelieures', 54),
(54468, 'Saffais', 54),
(54469, 'Saint-Ail', 54),
(54470, 'Saint-Baussant', 54),
(54471, 'Saint-Boingt', 54),
(54472, 'Saint-Clément', 54),
(54473, 'Saint-Firmin', 54),
(54474, 'Sainte-Geneviève', 54),
(54475, 'Saint-Germain', 54),
(54476, 'Saint-Jean-lès-Longuyon', 54),
(54477, 'Saint-Julien-lès-Gorze', 54),
(54478, 'Saint-Marcel', 54),
(54479, 'Saint-Mard', 54),
(54480, 'Saint-Martin', 54),
(54481, 'Saint-Maurice-aux-Forges', 54),
(54482, 'Saint-Max', 54),
(54483, 'Saint-Nicolas-de-Port', 54),
(54484, 'Sainte-Pôle', 54),
(54485, 'Saint-Pancré', 54),
(54486, 'Saint-Remimont', 54),
(54487, 'Saint-Rémy-aux-Bois', 54),
(54488, 'Saint-Sauveur', 54),
(54489, 'Saint-Supplet', 54),
(54490, 'Saizerais', 54),
(54491, 'Sancy', 54),
(54492, 'Sanzey', 54),
(54493, 'Saulnes', 54),
(54494, 'Saulxerotte', 54),
(54495, 'Saulxures-lès-Nancy', 54),
(54496, 'Saulxures-lès-Vannes', 54),
(54497, 'Saxon-Sion', 54),
(54498, 'Seichamps', 54),
(54499, 'Seicheprey', 54),
(54500, 'Selaincourt', 54),
(54501, 'Seranville', 54),
(54502, 'Serres', 54),
(54504, 'Serrouville', 54),
(54505, 'Sexey-aux-Forges', 54),
(54506, 'Sexey-les-Bois', 54),
(54507, 'Sionviller', 54),
(54508, 'Sivry', 54),
(54509, 'Sommerviller', 54),
(54510, 'Sornéville', 54),
(54511, 'Sponville', 54),
(54512, 'Tanconville', 54),
(54513, 'Tantonville', 54),
(54514, 'Tellancourt', 54),
(54515, 'Thélod', 54),
(54516, 'They-sous-Vaudemont', 54),
(54517, 'Thézey-Saint-Martin', 54),
(54518, 'Thiaucourt-Regniéville', 54),
(54519, 'Thiaville-sur-Meurthe', 54),
(54520, 'Thiébauménil', 54),
(54521, 'Thil', 54),
(54522, 'Thorey-Lyautey', 54),
(54523, 'Thuilley-aux-Groseilles', 54),
(54524, 'Thumeréville', 54),
(54525, 'Tiercelet', 54),
(54526, 'Tomblaine', 54),
(54527, 'Tonnoy', 54),
(54528, 'Toul', 54),
(54529, 'Tramont-Émy', 54),
(54530, 'Tramont-Lassus', 54),
(54531, 'Tramont-Saint-André', 54),
(54532, 'Tremblecourt', 54),
(54533, 'Trieux', 54),
(54534, 'Trondes', 54),
(54535, 'Tronville', 54),
(54536, 'Tucquegnieux', 54),
(54537, 'Ugny', 54),
(54538, 'Uruffe', 54),
(54539, 'Vacqueville', 54),
(54540, 'Val-et-Châtillon', 54),
(54541, 'Valhey', 54),
(54542, 'Valleroy', 54),
(54543, 'Vallois', 54),
(54544, 'Vandelainville', 54),
(54545, 'Vandeléville', 54),
(54546, 'Vandières', 54),
(54547, 'Vandœuvre-lès-Nancy', 54),
(54548, 'Vannes-le-Châtel', 54),
(54549, 'Varangéville', 54),
(54550, 'Vathiménil', 54),
(54551, 'Vaucourt', 54),
(54552, 'Vaudémont', 54),
(54553, 'Vaudeville', 54),
(54554, 'Vaudigny', 54),
(54555, 'Vaxainville', 54),
(54556, 'Vého', 54),
(54557, 'Velaine-en-Haye', 54),
(54558, 'Velaine-sous-Amance', 54),
(54559, 'Velle-sur-Moselle', 54),
(54560, 'Veney', 54),
(54561, 'Vennezey', 54),
(54562, 'Verdenal', 54),
(54563, 'Vézelise', 54),
(54564, 'Viéville-en-Haye', 54),
(54565, 'Vigneulles', 54),
(54566, 'Vilcey-sur-Trey', 54),
(54567, 'Villacourt', 54),
(54568, 'Ville-au-Montois', 54),
(54569, 'Ville-au-Val', 54),
(54570, 'Villecey-sur-Mad', 54),
(54571, 'Ville-en-Vermois', 54),
(54572, 'Ville-Houdlémont', 54),
(54573, 'Villers-en-Haye', 54),
(54574, 'Villers-la-Chèvre', 54),
(54575, 'Villers-la-Montagne', 54),
(54576, 'Villers-le-Rond', 54),
(54577, 'Villers-lès-Moivrons', 54),
(54578, 'Villers-lès-Nancy', 54),
(54579, 'Villers-sous-Prény', 54),
(54580, 'Villerupt', 54),
(54581, 'Ville-sur-Yron', 54),
(54582, 'Villette', 54),
(54583, 'Villey-le-Sec', 54),
(54584, 'Villey-Saint-Étienne', 54),
(54585, 'Virecourt', 54),
(54586, 'Viterne', 54),
(54587, 'Vitrey', 54),
(54588, 'Vitrimont', 54),
(54589, 'Vittonville', 54),
(54590, 'Viviers-sur-Chiers', 54),
(54591, 'Voinémont', 54),
(54592, 'Vroncourt', 54),
(54593, 'Waville', 54),
(54594, 'Xammes', 54),
(54595, 'Xermaménil', 54),
(54596, 'Xeuilley', 54),
(54597, 'Xirocourt', 54),
(54598, 'Xivry-Circourt', 54),
(54599, 'Xonville', 54),
(54600, 'Xousse', 54),
(54601, 'Xures', 54),
(54602, 'Han-devant-Pierrepont', 54),
(55001, 'Abainville', 55),
(55002, 'Abaucourt-Hautecourt', 55),
(55004, 'Aincreville', 55),
(55005, 'Amanty', 55),
(55007, 'Ambly-sur-Meuse', 55),
(55008, 'Amel-sur-l''Étang', 55),
(55009, 'Ancemont', 55),
(55010, 'Ancerville', 55),
(55011, 'Andernay', 55),
(55012, 'Apremont-la-Forêt', 55),
(55013, 'Arrancy-sur-Crusne', 55),
(55014, 'Aubréville', 55),
(55015, 'Aulnois-en-Perthois', 55),
(55017, 'Autrécourt-sur-Aire', 55),
(55018, 'Autréville-Saint-Lambert', 55),
(55021, 'Avillers-Sainte-Croix', 55),
(55022, 'Avioth', 55),
(55023, 'Avocourt', 55),
(55024, 'Azannes-et-Soumazannes', 55),
(55025, 'Baâlon', 55),
(55026, 'Badonvilliers-Gérauvilliers', 55),
(55027, 'Bannoncourt', 55),
(55028, 'Bantheville', 55),
(55029, 'Bar-le-Duc', 55),
(55030, 'Baudignécourt', 55),
(55031, 'Baudonvilliers', 55),
(55032, 'Baudrémont', 55),
(55033, 'Baulny', 55),
(55034, 'Bazeilles-sur-Othain', 55),
(55035, 'Bazincourt-sur-Saulx', 55),
(55036, 'Beauclair', 55),
(55037, 'Beaufort-en-Argonne', 55),
(55038, 'Beaulieu-en-Argonne', 55),
(55039, 'Beaumont-en-Verdunois', 55),
(55040, 'Beausite', 55),
(55041, 'Behonne', 55),
(55042, 'Belleray', 55),
(55043, 'Belleville-sur-Meuse', 55),
(55044, 'Belrain', 55),
(55045, 'Belrupt-en-Verdunois', 55),
(55046, 'Beney-en-Woëvre', 55),
(55047, 'Béthelainville', 55),
(55048, 'Béthincourt', 55),
(55049, 'Beurey-sur-Saulx', 55),
(55050, 'Bezonvaux', 55),
(55051, 'Biencourt-sur-Orge', 55),
(55053, 'Billy-sous-Mangiennes', 55),
(55054, 'Bislée', 55),
(55055, 'Blanzée', 55),
(55057, 'Boinville-en-Woëvre', 55),
(55058, 'Boncourt-sur-Meuse', 55),
(55059, 'Bonnet', 55),
(55060, 'Bonzée', 55),
(55061, 'Le Bouchon-sur-Saulx', 55),
(55062, 'Bouconville-sur-Madt', 55),
(55063, 'Bouligny', 55),
(55064, 'Bouquemont', 55),
(55065, 'Boureuilles', 55),
(55066, 'Bovée-sur-Barboure', 55),
(55067, 'Boviolles', 55),
(55068, 'Brabant-en-Argonne', 55),
(55069, 'Brabant-le-Roi', 55),
(55070, 'Brabant-sur-Meuse', 55),
(55071, 'Brandeville', 55),
(55072, 'Braquis', 55),
(55073, 'Bras-sur-Meuse', 55),
(55075, 'Brauvilliers', 55),
(55076, 'Bréhéville', 55),
(55077, 'Breux', 55),
(55078, 'Brieulles-sur-Meuse', 55),
(55079, 'Brillon-en-Barrois', 55),
(55080, 'Brixey-aux-Chanoines', 55),
(55081, 'Brizeaux', 55),
(55082, 'Brocourt-en-Argonne', 55),
(55083, 'Brouennes', 55),
(55084, 'Broussey-en-Blois', 55),
(55085, 'Broussey-Raulecourt', 55),
(55087, 'Bure', 55),
(55088, 'Burey-en-Vaux', 55),
(55089, 'Burey-la-Côte', 55),
(55093, 'Buxières-sous-les-Côtes', 55),
(55094, 'Buzy-Darmont', 55),
(55095, 'Cesse', 55),
(55096, 'Chaillon', 55),
(55097, 'Chalaines', 55),
(55099, 'Champneuville', 55),
(55100, 'Champougny', 55),
(55101, 'Chardogne', 55),
(55102, 'Charny-sur-Meuse', 55),
(55103, 'Charpentry', 55),
(55104, 'Chassey-Beaupré', 55),
(55105, 'Châtillon-sous-les-Côtes', 55),
(55106, 'Chattancourt', 55),
(55107, 'Chaumont-devant-Damvillers', 55),
(55108, 'Chaumont-sur-Aire', 55),
(55109, 'Chauvency-le-Château', 55),
(55110, 'Chauvency-Saint-Hubert', 55),
(55111, 'Chauvoncourt', 55),
(55113, 'Cheppy', 55),
(55114, 'Chonville-Malaumont', 55),
(55115, 'Cierges-sous-Montfaucon', 55),
(55116, 'Le Claon', 55),
(55117, 'Clermont-en-Argonne', 55),
(55118, 'Cléry-le-Grand', 55),
(55119, 'Cléry-le-Petit', 55),
(55120, 'Combles-en-Barrois', 55),
(55121, 'Combres-sous-les-Côtes', 55),
(55122, 'Commercy', 55),
(55123, 'Les Hauts-de-Chée', 55),
(55124, 'Consenvoye', 55),
(55125, 'Contrisson', 55),
(55127, 'Courcelles-en-Barrois', 55),
(55128, 'Courcelles-sur-Aire', 55),
(55129, 'Courouvre', 55),
(55132, 'Cousances-les-Forges', 55),
(55133, 'Couvertpuis', 55),
(55134, 'Couvonges', 55),
(55137, 'Cuisy', 55),
(55138, 'Culey', 55),
(55139, 'Cumières-le-Mort-Homme', 55),
(55140, 'Cunel', 55),
(55141, 'Dagonville', 55),
(55142, 'Dainville-Bertheléville', 55),
(55143, 'Damloup', 55),
(55144, 'Dammarie-sur-Saulx', 55),
(55145, 'Damvillers', 55),
(55146, 'Dannevoux', 55),
(55148, 'Delouze-Rosières', 55),
(55149, 'Delut', 55),
(55150, 'Demange-aux-Eaux', 55),
(55153, 'Dieppe-sous-Douaumont', 55),
(55154, 'Dieue-sur-Meuse', 55),
(55155, 'Dombasle-en-Argonne', 55),
(55156, 'Dombras', 55),
(55157, 'Dommartin-la-Montagne', 55),
(55158, 'Dommary-Baroncourt', 55),
(55159, 'Dompcevrin', 55),
(55160, 'Dompierre-aux-Bois', 55),
(55162, 'Domremy-la-Canne', 55),
(55163, 'Doncourt-aux-Templiers', 55),
(55164, 'Douaumont', 55),
(55165, 'Doulcon', 55),
(55166, 'Dugny-sur-Meuse', 55),
(55167, 'Dun-sur-Meuse', 55),
(55168, 'Duzey', 55),
(55169, 'Écouviez', 55),
(55170, 'Écurey-en-Verdunois', 55),
(55171, 'Eix', 55),
(55172, 'Les Éparges', 55),
(55173, 'Épiez-sur-Meuse', 55),
(55174, 'Épinonville', 55),
(55175, 'Érize-la-Brûlée', 55),
(55177, 'Érize-la-Petite', 55),
(55178, 'Érize-Saint-Dizier', 55),
(55179, 'Erneville-aux-Bois', 55),
(55180, 'Esnes-en-Argonne', 55),
(55181, 'Étain', 55),
(55182, 'Éton', 55),
(55183, 'Étraye', 55),
(55184, 'Euville', 55),
(55185, 'Èvres', 55),
(55186, 'Fains-Véel', 55),
(55188, 'Flassigny', 55),
(55189, 'Fleury-devant-Douaumont', 55),
(55191, 'Foameix-Ornel', 55),
(55192, 'Fontaines-Saint-Clair', 55),
(55193, 'Forges-sur-Meuse', 55),
(55194, 'Foucaucourt-sur-Thabas', 55),
(55195, 'Fouchères-aux-Bois', 55),
(55196, 'Frémeréville-sous-les-Côtes', 55),
(55197, 'Fresnes-au-Mont', 55),
(55198, 'Fresnes-en-Woëvre', 55),
(55199, 'Froidos', 55),
(55200, 'Fromeréville-les-Vallons', 55),
(55201, 'Fromezey', 55),
(55202, 'Futeau', 55),
(55204, 'Génicourt-sur-Meuse', 55),
(55206, 'Gercourt-et-Drillancourt', 55),
(55207, 'Géry', 55),
(55208, 'Gesnes-en-Argonne', 55),
(55210, 'Gimécourt', 55),
(55211, 'Gincrey', 55),
(55212, 'Girauvoisin', 55),
(55214, 'Givrauval', 55),
(55215, 'Gondrecourt-le-Château', 55),
(55216, 'Gouraincourt', 55),
(55217, 'Goussaincourt', 55),
(55218, 'Gremilly', 55),
(55219, 'Grimaucourt-en-Woëvre', 55),
(55220, 'Grimaucourt-près-Sampigny', 55),
(55221, 'Guerpont', 55),
(55222, 'Gussainville', 55),
(55224, 'Haironville', 55),
(55225, 'Halles-sous-les-Côtes', 55),
(55226, 'Han-lès-Juvigny', 55),
(55228, 'Hannonville-sous-les-Côtes', 55),
(55229, 'Han-sur-Meuse', 55),
(55232, 'Harville', 55),
(55236, 'Haudainville', 55),
(55237, 'Haudiomont', 55),
(55239, 'Haumont-près-Samogneux', 55),
(55241, 'Heippes', 55),
(55242, 'Hennemont', 55),
(55243, 'Herbeuville', 55),
(55244, 'Herméville-en-Woëvre', 55),
(55245, 'Heudicourt-sous-les-Côtes', 55),
(55246, 'Hévilliers', 55),
(55247, 'Horville-en-Ornois', 55),
(55248, 'Houdelaincourt', 55),
(55250, 'Inor', 55),
(55251, 'Ippécourt', 55),
(55252, 'Iré-le-Sec', 55),
(55253, 'Les Islettes', 55),
(55254, 'Les Trois-Domaines', 55),
(55255, 'Jametz', 55),
(55256, 'Jonville-en-Woëvre', 55),
(55257, 'Jouy-en-Argonne', 55),
(55258, 'Geville', 55),
(55260, 'Julvécourt', 55),
(55261, 'Juvigny-en-Perthois', 55),
(55262, 'Juvigny-sur-Loison', 55),
(55263, 'Kœur-la-Grande', 55),
(55264, 'Kœur-la-Petite', 55),
(55265, 'Labeuville', 55),
(55266, 'Lachalade', 55),
(55267, 'Lachaussée', 55),
(55268, 'Lacroix-sur-Meuse', 55),
(55269, 'Lahaymeix', 55),
(55270, 'Lahayville', 55),
(55271, 'Laheycourt', 55),
(55272, 'Laimont', 55),
(55274, 'Lamorville', 55),
(55275, 'Lamouilly', 55),
(55276, 'Landrecourt-Lempire', 55),
(55278, 'Laneuville-au-Rupt', 55),
(55279, 'Laneuville-sur-Meuse', 55),
(55280, 'Lanhères', 55),
(55281, 'Latour-en-Woëvre', 55),
(55282, 'Lavallée', 55),
(55284, 'Lavincourt', 55),
(55285, 'Lavoye', 55),
(55286, 'Lemmes', 55),
(55288, 'Lérouville', 55),
(55289, 'Levoncourt', 55),
(55290, 'Lignières-sur-Aire', 55),
(55291, 'Ligny-en-Barrois', 55),
(55292, 'Liny-devant-Dun', 55),
(55293, 'Lion-devant-Dun', 55),
(55295, 'Lisle-en-Barrois', 55),
(55296, 'Lisle-en-Rigault', 55),
(55297, 'Lissey', 55),
(55298, 'Loisey', 55),
(55299, 'Loison', 55),
(55300, 'Longeaux', 55),
(55301, 'Longchamps-sur-Aire', 55),
(55302, 'Longeville-en-Barrois', 55),
(55303, 'Loupmont', 55),
(55304, 'Louppy-le-Château', 55),
(55306, 'Louppy-sur-Loison', 55),
(55307, 'Louvemont-Côte-du-Poivre', 55),
(55310, 'Luzy-Saint-Martin', 55),
(55311, 'Maizeray', 55),
(55312, 'Maizey', 55),
(55313, 'Malancourt', 55),
(55315, 'Mandres-en-Barrois', 55),
(55316, 'Mangiennes', 55),
(55317, 'Manheulles', 55),
(55320, 'Marchéville-en-Woëvre', 55),
(55321, 'Marre', 55),
(55322, 'Marson-sur-Barboure', 55),
(55323, 'Martincourt-sur-Meuse', 55),
(55324, 'Marville', 55),
(55325, 'Maucourt-sur-Orne', 55),
(55326, 'Maulan', 55),
(55327, 'Mauvages', 55),
(55328, 'Maxey-sur-Vaise', 55),
(55329, 'Mécrin', 55),
(55330, 'Méligny-le-Grand', 55),
(55331, 'Méligny-le-Petit', 55),
(55332, 'Menaucourt', 55),
(55333, 'Ménil-aux-Bois', 55),
(55334, 'Ménil-la-Horgne', 55),
(55335, 'Ménil-sur-Saulx', 55),
(55336, 'Merles-sur-Loison', 55),
(55338, 'Milly-sur-Bradon', 55),
(55339, 'Mogeville', 55),
(55340, 'Mognéville', 55),
(55341, 'Moirey-Flabas-Crépion', 55),
(55343, 'Montblainville', 55),
(55344, 'Montbras', 55),
(55345, 'Mont-devant-Sassey', 55),
(55346, 'Montfaucon-d''Argonne', 55),
(55347, 'Les Monthairons', 55),
(55348, 'Montiers-sur-Saulx', 55),
(55349, 'Montigny-devant-Sassey', 55),
(55350, 'Montigny-lès-Vaucouleurs', 55),
(55351, 'Montmédy', 55),
(55352, 'Montplonne', 55),
(55353, 'Montsec', 55),
(55355, 'Montzéville', 55),
(55356, 'Moranville', 55),
(55357, 'Morgemoulin', 55),
(55358, 'Chanteraine', 55),
(55359, 'Morley', 55),
(55360, 'Mouilly', 55),
(55361, 'Moulainville', 55),
(55362, 'Moulins-Saint-Hubert', 55),
(55363, 'Moulotte', 55),
(55364, 'Mouzay', 55),
(55365, 'Murvaux', 55),
(55366, 'Val-d''Ornain', 55),
(55367, 'Muzeray', 55),
(55368, 'Naives-en-Blois', 55),
(55369, 'Naives-Rosières', 55),
(55370, 'Naix-aux-Forges', 55),
(55371, 'Nançois-le-Grand', 55),
(55372, 'Nançois-sur-Ornain', 55),
(55373, 'Nant-le-Grand', 55),
(55374, 'Nant-le-Petit', 55),
(55375, 'Nantillois', 55),
(55376, 'Nantois', 55),
(55377, 'Nepvant', 55),
(55378, 'Nettancourt', 55),
(55379, 'Le Neufour', 55),
(55380, 'Neuville-en-Verdunois', 55),
(55381, 'Neuville-lès-Vaucouleurs', 55),
(55382, 'Neuville-sur-Ornain', 55),
(55383, 'Neuvilly-en-Argonne', 55),
(55384, 'Nicey-sur-Aire', 55),
(55385, 'Nixéville-Blercourt', 55),
(55386, 'Nonsard-Lamarche', 55),
(55387, 'Nouillonpont', 55),
(55388, 'Noyers-Auzécourt', 55),
(55389, 'Nubécourt', 55),
(55391, 'Olizy-sur-Chiers', 55),
(55394, 'Ornes', 55),
(55395, 'Osches', 55),
(55396, 'Ourches-sur-Meuse', 55),
(55397, 'Pagny-la-Blanche-Côte', 55),
(55398, 'Pagny-sur-Meuse', 55),
(55399, 'Pareid', 55),
(55400, 'Parfondrupt', 55),
(55401, 'Les Paroches', 55),
(55403, 'Peuvillers', 55),
(55404, 'Pierrefitte-sur-Aire', 55),
(55405, 'Pillon', 55),
(55406, 'Pintheville', 55),
(55407, 'Pont-sur-Meuse', 55),
(55408, 'Pouilly-sur-Meuse', 55),
(55409, 'Pretz-en-Argonne', 55),
(55410, 'Quincy-Landzécourt', 55),
(55411, 'Rambluzin-et-Benoite-Vaux', 55),
(55412, 'Rambucourt', 55),
(55414, 'Rancourt-sur-Ornain', 55),
(55415, 'Ranzières', 55),
(55416, 'Rarécourt', 55),
(55419, 'Récicourt', 55),
(55420, 'Récourt-le-Creux', 55),
(55421, 'Reffroy', 55),
(55422, 'Regnéville-sur-Meuse', 55),
(55423, 'Rembercourt-Sommaisne', 55),
(55424, 'Remennecourt', 55),
(55425, 'Remoiville', 55),
(55426, 'Resson', 55),
(55427, 'Revigny-sur-Ornain', 55),
(55428, 'Réville-aux-Bois', 55),
(55429, 'Riaville', 55),
(55430, 'Ribeaucourt', 55),
(55431, 'Richecourt', 55),
(55433, 'Rigny-la-Salle', 55),
(55434, 'Rigny-Saint-Martin', 55),
(55435, 'Robert-Espagne', 55),
(55436, 'Les Roises', 55),
(55437, 'Romagne-sous-les-Côtes', 55),
(55438, 'Romagne-sous-Montfaucon', 55),
(55439, 'Ronvaux', 55),
(55442, 'Raival', 55),
(55443, 'Rouvres-en-Woëvre', 55),
(55444, 'Rouvrois-sur-Meuse', 55),
(55445, 'Rouvrois-sur-Othain', 55),
(55446, 'Rumont', 55),
(55447, 'Rupt-aux-Nonains', 55),
(55448, 'Rupt-devant-Saint-Mihiel', 55),
(55449, 'Rupt-en-Woëvre', 55),
(55450, 'Rupt-sur-Othain', 55),
(55452, 'Saint-Amand-sur-Ornain', 55),
(55453, 'Saint-André-en-Barrois', 55),
(55454, 'Saint-Aubin-sur-Aire', 55),
(55456, 'Saint-Germain-sur-Meuse', 55),
(55457, 'Saint-Hilaire-en-Woëvre', 55),
(55458, 'Saint-Jean-lès-Buzy', 55),
(55459, 'Saint-Joire', 55),
(55460, 'Saint-Julien-sous-les-Côtes', 55),
(55461, 'Saint-Laurent-sur-Othain', 55),
(55462, 'Saint-Maurice-sous-les-Côtes', 55),
(55463, 'Saint-Mihiel', 55),
(55464, 'Saint-Pierrevillers', 55),
(55465, 'Saint-Remy-la-Calonne', 55),
(55466, 'Salmagne', 55),
(55467, 'Sampigny', 55),
(55468, 'Samogneux', 55),
(55469, 'Sassey-sur-Meuse', 55),
(55470, 'Saudrupt', 55),
(55471, 'Saulmory-et-Villefranche', 55),
(55472, 'Saulvaux', 55),
(55473, 'Saulx-lès-Champlon', 55),
(55474, 'Sauvigny', 55),
(55475, 'Sauvoy', 55),
(55476, 'Savonnières-devant-Bar', 55),
(55477, 'Savonnières-en-Perthois', 55),
(55479, 'Seigneulles', 55),
(55481, 'Senon', 55),
(55482, 'Senoncourt-les-Maujouy', 55),
(55484, 'Septsarges', 55),
(55485, 'Sepvigny', 55),
(55487, 'Seuzey', 55),
(55488, 'Silmont', 55),
(55489, 'Sivry-la-Perche', 55),
(55490, 'Sivry-sur-Meuse', 55),
(55492, 'Sommedieue', 55),
(55493, 'Sommeilles', 55),
(55494, 'Sommelonne', 55),
(55495, 'Sorbey', 55),
(55496, 'Sorcy-Saint-Martin', 55),
(55497, 'Les Souhesmes-Rampont', 55),
(55498, 'Souilly', 55),
(55500, 'Spincourt', 55),
(55501, 'Stainville', 55),
(55502, 'Stenay', 55),
(55503, 'Taillancourt', 55),
(55504, 'Tannois', 55),
(55505, 'Thierville-sur-Meuse', 55),
(55506, 'Thillombois', 55),
(55507, 'Thillot', 55),
(55508, 'Thonne-la-Long', 55),
(55509, 'Thonne-le-Thil', 55),
(55510, 'Thonne-les-Près', 55),
(55511, 'Thonnelle', 55),
(55512, 'Tilly-sur-Meuse', 55),
(55514, 'Trémont-sur-Saulx', 55),
(55515, 'Trésauvaux', 55),
(55516, 'Tréveray', 55),
(55517, 'Seuil-d''Argonne', 55),
(55518, 'Cousances-lès-Triconville', 55),
(55519, 'Tronville-en-Barrois', 55),
(55520, 'Troussey', 55),
(55521, 'Troyon', 55),
(55522, 'Ugny-sur-Meuse', 55),
(55523, 'Vacherauville', 55),
(55525, 'Vadelaincourt', 55),
(55526, 'Vadonville', 55),
(55527, 'Varennes-en-Argonne', 55),
(55528, 'Varnéville', 55),
(55530, 'Valbois', 55),
(55531, 'Vassincourt', 55),
(55532, 'Vaubecourt', 55),
(55533, 'Vaucouleurs', 55),
(55534, 'Vaudeville-le-Haut', 55),
(55535, 'Vaudoncourt', 55),
(55536, 'Vauquois', 55),
(55537, 'Vaux-devant-Damloup', 55),
(55540, 'Vaux-lès-Palameix', 55),
(55541, 'Vavincourt', 55),
(55543, 'Velaines', 55),
(55544, 'Velosnes', 55),
(55545, 'Verdun', 55),
(55546, 'Verneuil-Grand', 55),
(55547, 'Verneuil-Petit', 55),
(55549, 'Véry', 55),
(55551, 'Vigneulles-lès-Hattonchâtel', 55),
(55552, 'Vigneul-sous-Montmédy', 55),
(55553, 'Vignot', 55),
(55554, 'Villécloye', 55),
(55555, 'Ville-devant-Belrain', 55),
(55556, 'Ville-devant-Chaumont', 55),
(55557, 'Ville-en-Woëvre', 55),
(55559, 'Villeroy-sur-Méholle', 55),
(55560, 'Villers-aux-Vents', 55),
(55561, 'Villers-devant-Dun', 55),
(55562, 'Villers-le-Sec', 55),
(55563, 'Villers-lès-Mangiennes', 55),
(55565, 'Villers-sous-Pareid', 55),
(55566, 'Villers-sur-Meuse', 55),
(55567, 'Ville-sur-Cousances', 55),
(55568, 'Ville-sur-Saulx', 55),
(55569, 'Villotte-devant-Louppy', 55),
(55570, 'Villotte-sur-Aire', 55),
(55571, 'Vilosnes-Haraumont', 55),
(55572, 'Vittarville', 55),
(55573, 'Void-Vacon', 55),
(55574, 'Vouthon-Bas', 55),
(55575, 'Vouthon-Haut', 55),
(55577, 'Waly', 55),
(55578, 'Warcq', 55),
(55579, 'Watronville', 55),
(55580, 'Wavrille', 55),
(55581, 'Willeroncourt', 55),
(55582, 'Wiseppe', 55),
(55583, 'Woël', 55),
(55584, 'Woimbey', 55),
(55586, 'Xivray-et-Marvoisin', 55),
(57001, 'Aboncourt', 57),
(57002, 'Aboncourt-sur-Seille', 57),
(57003, 'Abreschviller', 57),
(57004, 'Achain', 57),
(57006, 'Achen', 57),
(57007, 'Adaincourt', 57),
(57008, 'Adelange', 57),
(57009, 'Ajoncourt', 57),
(57010, 'Alaincourt-la-Côte', 57),
(57011, 'Albestroff', 57),
(57012, 'Algrange', 57),
(57013, 'Alsting', 57),
(57014, 'Altrippe', 57),
(57015, 'Altviller', 57),
(57016, 'Alzing', 57),
(57017, 'Amanvillers', 57),
(57018, 'Amelécourt', 57),
(57019, 'Amnéville', 57),
(57020, 'Ancerville', 57),
(57021, 'Ancy-sur-Moselle', 57),
(57022, 'Angevillers', 57),
(57024, 'Antilly', 57),
(57025, 'Anzeling', 57),
(57026, 'Apach', 57),
(57027, 'Arraincourt', 57),
(57028, 'Argancy', 57),
(57029, 'Arriance', 57),
(57030, 'Arry', 57),
(57031, 'Ars-Laquenexy', 57),
(57032, 'Ars-sur-Moselle', 57),
(57033, 'Arzviller', 57),
(57034, 'Aspach', 57),
(57035, 'Assenoncourt', 57),
(57036, 'Attilloncourt', 57),
(57037, 'Aube', 57),
(57038, 'Audun-le-Tiche', 57),
(57039, 'Augny', 57),
(57040, 'Aulnois-sur-Seille', 57),
(57041, 'Aumetz', 57),
(57042, 'Avricourt', 57),
(57043, 'Ay-sur-Moselle', 57),
(57044, 'Azoudange', 57),
(57045, 'Bacourt', 57),
(57046, 'Bærenthal', 57),
(57047, 'Bambiderstroff', 57),
(57048, 'Bannay', 57),
(57049, 'Le Ban-Saint-Martin', 57),
(57050, 'Barchain', 57),
(57051, 'Baronville', 57),
(57052, 'Barst', 57),
(57053, 'Bassing', 57),
(57054, 'Baudrecourt', 57),
(57055, 'Bazoncourt', 57),
(57056, 'Bébing', 57),
(57057, 'Béchy', 57),
(57058, 'Behren-lès-Forbach', 57),
(57059, 'Bellange', 57),
(57060, 'Bénestroff', 57),
(57061, 'Béning-lès-Saint-Avold', 57),
(57062, 'Berg-sur-Moselle', 57),
(57063, 'Bérig-Vintrange', 57),
(57064, 'Berling', 57),
(57065, 'Bermering', 57),
(57066, 'Berthelming', 57),
(57067, 'Bertrange', 57),
(57069, 'Berviller-en-Moselle', 57),
(57070, 'Bettange', 57),
(57071, 'Bettborn', 57),
(57072, 'Bettelainville', 57),
(57073, 'Betting', 57),
(57074, 'Bettviller', 57),
(57075, 'Beux', 57),
(57076, 'Beyren-lès-Sierck', 57),
(57077, 'Bezange-la-Petite', 57),
(57079, 'Bibiche', 57),
(57080, 'Bickenholtz', 57),
(57081, 'Bidestroff', 57),
(57082, 'Biding', 57),
(57083, 'Bining', 57),
(57084, 'Bioncourt', 57),
(57085, 'Bionville-sur-Nied', 57),
(57086, 'Belles-Forêts', 57),
(57087, 'Bisten-en-Lorraine', 57),
(57088, 'Bistroff', 57),
(57089, 'Bitche', 57),
(57090, 'Blanche-Église', 57),
(57091, 'Bliesbruck', 57),
(57092, 'Blies-Ébersing', 57),
(57093, 'Blies-Guersviller', 57),
(57095, 'Boucheporn', 57),
(57096, 'Boulange', 57),
(57097, 'Boulay-Moselle', 57),
(57098, 'Bourgaltroff', 57),
(57099, 'Bourdonnay', 57),
(57100, 'Bourscheid', 57),
(57101, 'Bousbach', 57),
(57102, 'Bousse', 57),
(57103, 'Bousseviller', 57),
(57104, 'Boust', 57),
(57105, 'Boustroff', 57),
(57106, 'Bouzonville', 57),
(57107, 'Bréhain', 57),
(57108, 'Breidenbach', 57),
(57109, 'Breistroff-la-Grande', 57),
(57110, 'Brettnach', 57),
(57111, 'Bronvaux', 57),
(57112, 'Brouck', 57),
(57113, 'Brouderdorff', 57),
(57114, 'Brouviller', 57),
(57115, 'Brulange', 57),
(57116, 'Buchy', 57),
(57117, 'Buding', 57),
(57118, 'Budling', 57),
(57119, 'Buhl-Lorraine', 57),
(57120, 'Burlioncourt', 57),
(57121, 'Burtoncourt', 57),
(57122, 'Cappel', 57),
(57123, 'Carling', 57),
(57124, 'Cattenom', 57),
(57125, 'Chailly-lès-Ennery', 57),
(57126, 'Chambrey', 57),
(57127, 'Chanville', 57),
(57128, 'Charleville-sous-Bois', 57),
(57129, 'Charly-Oradour', 57),
(57130, 'Château-Bréhain', 57),
(57131, 'Château-Rouge', 57),
(57132, 'Château-Salins', 57),
(57133, 'Château-Voué', 57),
(57134, 'Châtel-Saint-Germain', 57),
(57136, 'Chémery-les-Deux', 57),
(57137, 'Cheminot', 57),
(57138, 'Chenois', 57),
(57139, 'Chérisey', 57),
(57140, 'Chesny', 57),
(57141, 'Chicourt', 57),
(57142, 'Chieulles', 57),
(57143, 'Clouange', 57),
(57144, 'Cocheren', 57),
(57145, 'Coincy', 57),
(57146, 'Coin-lès-Cuvry', 57),
(57147, 'Coin-sur-Seille', 57),
(57148, 'Colligny', 57),
(57149, 'Colmen', 57),
(57150, 'Condé-Northen', 57),
(57151, 'Conthil', 57),
(57152, 'Contz-les-Bains', 57),
(57153, 'Corny-sur-Moselle', 57),
(57154, 'Coume', 57),
(57155, 'Courcelles-Chaussy', 57),
(57156, 'Courcelles-sur-Nied', 57),
(57158, 'Craincourt', 57),
(57159, 'Créhange', 57),
(57160, 'Creutzwald', 57),
(57161, 'Cutting', 57),
(57162, 'Cuvry', 57),
(57163, 'Dabo', 57),
(57165, 'Dalem', 57),
(57166, 'Dalhain', 57),
(57167, 'Dalstein', 57),
(57168, 'Danne-et-Quatre-Vents', 57),
(57169, 'Dannelbourg', 57),
(57171, 'Delme', 57),
(57172, 'Denting', 57),
(57173, 'Desseling', 57),
(57174, 'Destry', 57),
(57175, 'Diane-Capelle', 57),
(57176, 'Diebling', 57),
(57177, 'Dieuze', 57),
(57178, 'Diffembach-lès-Hellimer', 57),
(57179, 'Distroff', 57),
(57180, 'Dolving', 57),
(57181, 'Domnom-lès-Dieuze', 57),
(57182, 'Donjeux', 57),
(57183, 'Donnelay', 57),
(57184, 'Dornot', 57),
(57186, 'Ébersviller', 57),
(57187, 'Éblange', 57),
(57188, 'Éguelshardt', 57),
(57189, 'Eincheville', 57),
(57190, 'Elvange', 57),
(57191, 'Elzange', 57),
(57192, 'Enchenberg', 57),
(57193, 'Ennery', 57),
(57194, 'Entrange', 57),
(57195, 'Epping', 57),
(57196, 'Erching', 57),
(57197, 'Ernestviller', 57),
(57198, 'Erstroff', 57),
(57199, 'Escherange', 57),
(57200, 'Les Étangs', 57),
(57201, 'Etting', 57),
(57202, 'Etzling', 57),
(57203, 'Évrange', 57),
(57204, 'Failly', 57),
(57205, 'Falck', 57),
(57206, 'Fameck', 57),
(57207, 'Farébersviller', 57),
(57208, 'Farschviller', 57),
(57209, 'Faulquemont', 57),
(57210, 'Fénétrange', 57),
(57211, 'Fèves', 57),
(57212, 'Féy', 57),
(57213, 'Filstroff', 57),
(57214, 'Fixem', 57),
(57215, 'Flastroff', 57),
(57216, 'Fleisheim', 57),
(57217, 'Flétrange', 57),
(57218, 'Fleury', 57),
(57219, 'Flévy', 57),
(57220, 'Flocourt', 57),
(57221, 'Florange', 57),
(57222, 'Folkling', 57),
(57224, 'Folschviller', 57),
(57225, 'Fonteny', 57),
(57226, 'Fontoy', 57),
(57227, 'Forbach', 57),
(57228, 'Fossieux', 57),
(57229, 'Foulcrey', 57),
(57230, 'Fouligny', 57),
(57231, 'Foville', 57),
(57232, 'Francaltroff', 57),
(57233, 'Fraquelfing', 57),
(57234, 'Frauenberg', 57),
(57235, 'Freistroff', 57),
(57236, 'Frémery', 57),
(57237, 'Frémestroff', 57),
(57238, 'Fresnes-en-Saulnois', 57),
(57239, 'Freybouse', 57),
(57240, 'Freyming-Merlebach', 57),
(57241, 'Fribourg', 57),
(57242, 'Gandrange', 57),
(57244, 'Garrebourg', 57),
(57245, 'Gavisse', 57),
(57246, 'Gelucourt', 57),
(57247, 'Gerbécourt', 57),
(57248, 'Givrycourt', 57),
(57249, 'Glatigny', 57),
(57250, 'Gœtzenbruck', 57),
(57251, 'Goin', 57),
(57252, 'Gomelange', 57),
(57253, 'Gondrexange', 57),
(57254, 'Gorze', 57),
(57255, 'Gosselming', 57),
(57256, 'Gravelotte', 57),
(57257, 'Grémecey', 57),
(57258, 'Gréning', 57),
(57259, 'Grindorff-Bizing', 57),
(57260, 'Grosbliederstroff', 57),
(57261, 'Gros-Réderching', 57),
(57262, 'Grostenquin', 57),
(57263, 'Grundviller', 57),
(57264, 'Guebenhouse', 57),
(57265, 'Guébestroff', 57),
(57266, 'Guéblange-lès-Dieuze', 57),
(57267, 'Le Val-de-Guéblange', 57),
(57268, 'Guébling', 57),
(57269, 'Guénange', 57),
(57270, 'Val-de-Bride', 57),
(57271, 'Guenviller', 57),
(57272, 'Guermange', 57),
(57273, 'Guerstling', 57),
(57274, 'Guerting', 57),
(57275, 'Guessling-Hémering', 57),
(57276, 'Guinglange', 57),
(57277, 'Guinkirchen', 57),
(57278, 'Guinzeling', 57),
(57280, 'Guntzviller', 57),
(57281, 'Haboudange', 57),
(57282, 'Hagen', 57),
(57283, 'Hagondange', 57),
(57284, 'Hallering', 57),
(57286, 'Halstroff', 57),
(57287, 'Basse-Ham', 57),
(57288, 'Ham-sous-Varsberg', 57),
(57289, 'Hambach', 57),
(57290, 'Hampont', 57),
(57291, 'Hangviller', 57),
(57292, 'Hannocourt', 57),
(57293, 'Han-sur-Nied', 57),
(57294, 'Hanviller', 57),
(57295, 'Haraucourt-sur-Seille', 57),
(57296, 'Hargarten-aux-Mines', 57),
(57297, 'Harprich', 57),
(57298, 'Harreberg', 57),
(57299, 'Hartzviller', 57),
(57300, 'Haselbourg', 57),
(57301, 'Haspelschiedt', 57),
(57302, 'Hattigny', 57),
(57303, 'Hauconcourt', 57),
(57304, 'Haut-Clocher', 57),
(57305, 'Havange', 57),
(57306, 'Hayange', 57),
(57307, 'Hayes', 57),
(57308, 'Hazembourg', 57),
(57309, 'Heining-lès-Bouzonville', 57),
(57310, 'Hellering-lès-Fénétrange', 57),
(57311, 'Hellimer', 57),
(57312, 'Helstroff', 57),
(57313, 'Hémilly', 57),
(57314, 'Héming', 57),
(57315, 'Henridorff', 57),
(57316, 'Henriville', 57),
(57317, 'Hérange', 57),
(57318, 'Hermelange', 57),
(57319, 'Herny', 57),
(57320, 'Hertzing', 57),
(57321, 'Hesse', 57),
(57322, 'Hestroff', 57),
(57323, 'Hettange-Grande', 57),
(57324, 'Hilbesheim', 57),
(57325, 'Hilsprich', 57),
(57326, 'Hinckange', 57),
(57328, 'Holacourt', 57),
(57329, 'Holling', 57),
(57330, 'Holving', 57),
(57331, 'Hombourg-Budange', 57),
(57332, 'Hombourg-Haut', 57),
(57333, 'Hommarting', 57),
(57334, 'Hommert', 57),
(57335, 'Honskirch', 57),
(57336, 'L''Hôpital', 57),
(57337, 'Hoste', 57),
(57338, 'Hottviller', 57),
(57339, 'Hultehouse', 57),
(57340, 'Hundling', 57),
(57341, 'Hunting', 57),
(57342, 'Ibigny', 57),
(57343, 'Illange', 57),
(57344, 'Imling', 57),
(57345, 'Inglange', 57),
(57346, 'Insming', 57),
(57347, 'Insviller', 57),
(57348, 'Ippling', 57),
(57349, 'Jallaucourt', 57),
(57350, 'Jouy-aux-Arches', 57),
(57351, 'Jury', 57),
(57352, 'Jussy', 57),
(57353, 'Juvelize', 57),
(57354, 'Juville', 57),
(57355, 'Kalhausen', 57),
(57356, 'Kanfen', 57),
(57357, 'Kappelkinger', 57),
(57358, 'Kédange-sur-Canner', 57),
(57359, 'Kemplich', 57),
(57360, 'Kerbach', 57),
(57361, 'Kerling-lès-Sierck', 57),
(57362, 'Kerprich-aux-Bois', 57),
(57364, 'Kirsch-lès-Sierck', 57),
(57365, 'Kirschnaumen', 57),
(57366, 'Kirviller', 57),
(57367, 'Klang', 57),
(57368, 'Knutange', 57),
(57370, 'Kœnigsmacker', 57),
(57371, 'Haute-Kontz', 57),
(57372, 'Kuntzig', 57),
(57373, 'Lachambre', 57),
(57374, 'Lafrimbolle', 57),
(57375, 'Lagarde', 57),
(57376, 'Lambach', 57),
(57377, 'Landange', 57),
(57379, 'Landroff', 57),
(57380, 'Laneuveville-lès-Lorquin', 57),
(57381, 'Laneuveville-en-Saulnois', 57),
(57382, 'Langatte', 57),
(57383, 'Languimberg', 57),
(57384, 'Laning', 57),
(57385, 'Laquenexy', 57),
(57386, 'Laudrefang', 57),
(57387, 'Laumesfeld', 57),
(57388, 'Launstroff', 57),
(57389, 'Lelling', 57),
(57390, 'Lemberg', 57),
(57391, 'Lemoncourt', 57),
(57392, 'Lemud', 57),
(57393, 'Lengelsheim', 57),
(57394, 'Léning', 57),
(57395, 'Lesse', 57),
(57396, 'Lessy', 57),
(57397, 'Ley', 57),
(57398, 'Leyviller', 57),
(57399, 'Lezey', 57),
(57401, 'Lidrezing', 57),
(57402, 'Liederschiedt', 57),
(57403, 'Liéhon', 57),
(57404, 'Lindre-Basse', 57),
(57405, 'Lindre-Haute', 57),
(57406, 'Liocourt', 57),
(57407, 'Lixheim', 57),
(57408, 'Lixing-lès-Rouhling', 57),
(57409, 'Lixing-lès-Saint-Avold', 57),
(57410, 'Lhor', 57),
(57411, 'Lommerange', 57),
(57412, 'Longeville-lès-Metz', 57),
(57413, 'Longeville-lès-Saint-Avold', 57),
(57414, 'Lorquin', 57),
(57415, 'Lorry-lès-Metz', 57),
(57416, 'Lorry-Mardigny', 57),
(57417, 'Lostroff', 57),
(57418, 'Loudrefing', 57),
(57419, 'Loupershouse', 57),
(57421, 'Loutzviller', 57),
(57422, 'Louvigny', 57),
(57423, 'Lubécourt', 57),
(57424, 'Lucy', 57),
(57425, 'Luppy', 57),
(57426, 'Luttange', 57),
(57427, 'Lutzelbourg', 57),
(57428, 'Macheren', 57),
(57430, 'Mainvillers', 57),
(57431, 'Maizeroy', 57),
(57432, 'Maizery', 57),
(57433, 'Maizières-lès-Metz', 57),
(57434, 'Maizières-lès-Vic', 57),
(57436, 'Malaucourt-sur-Seille', 57),
(57437, 'Malling', 57),
(57438, 'Malroy', 57),
(57439, 'Manderen', 57),
(57440, 'Manhoué', 57),
(57441, 'Manom', 57),
(57442, 'Many', 57),
(57443, 'Marange-Silvange', 57),
(57444, 'Marange-Zondrange', 57),
(57445, 'Marieulles-Vezon', 57),
(57446, 'Marimont-lès-Bénestroff', 57),
(57447, 'Marly', 57),
(57448, 'Marsal', 57),
(57449, 'Marsilly', 57),
(57451, 'Marthille', 57),
(57452, 'La Maxe', 57),
(57453, 'Maxstadt', 57),
(57454, 'Mécleuves', 57),
(57455, 'Mégange', 57),
(57456, 'Meisenthal', 57),
(57457, 'Menskirch', 57),
(57459, 'Merschweiller', 57),
(57460, 'Merten', 57),
(57461, 'Métairies-Saint-Quirin', 57),
(57462, 'Metting', 57),
(57463, 'Metz', 57),
(57464, 'Metzeresche', 57),
(57465, 'Metzervisse', 57),
(57466, 'Metzing', 57),
(57467, 'Mey', 57),
(57468, 'Mittelbronn', 57),
(57469, 'Mittersheim', 57),
(57470, 'Molring', 57),
(57471, 'Momerstroff', 57),
(57472, 'Moncheux', 57),
(57473, 'Moncourt', 57),
(57474, 'Mondelange', 57),
(57475, 'Mondorff', 57),
(57476, 'Monneren', 57),
(57477, 'Montbronn', 57),
(57478, 'Montdidier', 57),
(57479, 'Montenach', 57),
(57480, 'Montigny-lès-Metz', 57),
(57481, 'Montois-la-Montagne', 57),
(57482, 'Montoy-Flanville', 57),
(57483, 'Morhange', 57),
(57484, 'Morsbach', 57),
(57485, 'Morville-lès-Vic', 57),
(57486, 'Morville-sur-Nied', 57),
(57487, 'Moulins-lès-Metz', 57),
(57488, 'Moussey', 57),
(57489, 'Mouterhouse', 57),
(57490, 'Moyenvic', 57),
(57491, 'Moyeuvre-Grande', 57),
(57492, 'Moyeuvre-Petite', 57),
(57493, 'Mulcey', 57),
(57494, 'Munster', 57),
(57495, 'Narbéfontaine', 57),
(57496, 'Nébing', 57),
(57497, 'Nelling', 57),
(57498, 'Neufchef', 57),
(57499, 'Neufgrange', 57),
(57500, 'Neufmoulins', 57),
(57501, 'Neufvillage', 57),
(57502, 'Neunkirchen-lès-Bouzonville', 57),
(57504, 'Niderhoff', 57),
(57505, 'Niderviller', 57),
(57506, 'Niederstinzel', 57),
(57507, 'Niedervisse', 57),
(57508, 'Nilvange', 57),
(57509, 'Nitting', 57),
(57510, 'Noisseville', 57),
(57511, 'Norroy-le-Veneur', 57),
(57512, 'Nouilly', 57),
(57513, 'Nousseviller-lès-Bitche', 57),
(57514, 'Nousseviller-Saint-Nabor', 57),
(57515, 'Novéant-sur-Moselle', 57),
(57516, 'Oberdorff', 57),
(57517, 'Obergailbach', 57),
(57518, 'Oberstinzel', 57),
(57519, 'Obervisse', 57),
(57520, 'Obreck', 57),
(57521, 'Œting', 57),
(57523, 'Ogy', 57),
(57524, 'Ommeray', 57),
(57525, 'Oriocourt', 57),
(57526, 'Ormersviller', 57),
(57527, 'Orny', 57),
(57528, 'Oron', 57),
(57529, 'Ottange', 57),
(57530, 'Ottonville', 57),
(57531, 'Oudrenne', 57),
(57532, 'Pagny-lès-Goin', 57),
(57533, 'Pange', 57),
(57534, 'Peltre', 57),
(57535, 'Petit-Réderching', 57),
(57536, 'Petit-Tenquin', 57),
(57537, 'Petite-Rosselle', 57),
(57538, 'Pettoncourt', 57),
(57539, 'Pévange', 57),
(57540, 'Phalsbourg', 57),
(57541, 'Philippsbourg', 57),
(57542, 'Piblange', 57),
(57543, 'Pierrevillers', 57),
(57544, 'Plaine-de-Walsch', 57),
(57545, 'Plappeville', 57),
(57546, 'Plesnois', 57),
(57547, 'Pommérieux', 57),
(57548, 'Pontoy', 57),
(57549, 'Pontpierre', 57),
(57550, 'Porcelette', 57),
(57551, 'Postroff', 57),
(57552, 'Pouilly', 57),
(57553, 'Pournoy-la-Chétive', 57),
(57554, 'Pournoy-la-Grasse', 57),
(57555, 'Prévocourt', 57),
(57556, 'Puttelange-aux-Lacs', 57),
(57557, 'Puttelange-lès-Thionville', 57),
(57558, 'Puttigny', 57),
(57559, 'Puzieux', 57),
(57560, 'Racrange', 57),
(57561, 'Rahling', 57),
(57562, 'Ranguevaux', 57),
(57563, 'Raville', 57),
(57564, 'Réchicourt-le-Château', 57),
(57565, 'Rédange', 57),
(57566, 'Réding', 57),
(57567, 'Rémelfang', 57),
(57568, 'Rémelfing', 57),
(57569, 'Rémeling', 57),
(57570, 'Rémering', 57),
(57571, 'Rémering-lès-Puttelange', 57),
(57572, 'Rémilly', 57),
(57573, 'Réning', 57),
(57574, 'Basse-Rentgen', 57),
(57575, 'Retonfey', 57),
(57576, 'Rettel', 57),
(57577, 'Reyersviller', 57),
(57578, 'Rezonville', 57),
(57579, 'Rhodes', 57),
(57580, 'Riche', 57),
(57581, 'Richeling', 57),
(57582, 'Richemont', 57),
(57583, 'Richeval', 57),
(57584, 'Rimling', 57),
(57585, 'Ritzing', 57),
(57586, 'Rochonvillers', 57),
(57587, 'Rodalbe', 57),
(57588, 'Rodemack', 57),
(57589, 'Rohrbach-lès-Bitche', 57),
(57590, 'Rolbing', 57),
(57591, 'Rombas', 57),
(57592, 'Romelfing', 57),
(57593, 'Roncourt', 57),
(57594, 'Roppeviller', 57),
(57595, 'Rorbach-lès-Dieuze', 57),
(57596, 'Rosbruck', 57),
(57597, 'Rosselange', 57),
(57598, 'Rouhling', 57),
(57599, 'Roupeldange', 57),
(57600, 'Roussy-le-Village', 57),
(57601, 'Rozérieulles', 57),
(57602, 'Rurange-lès-Thionville', 57),
(57603, 'Russange', 57),
(57604, 'Rustroff', 57),
(57605, 'Sailly-Achâtel', 57),
(57606, 'Saint-Avold', 57),
(57607, 'Sainte-Barbe', 57),
(57609, 'Saint-Epvre', 57),
(57610, 'Saint-François-Lacroix', 57),
(57611, 'Saint-Georges', 57),
(57612, 'Saint-Hubert', 57),
(57613, 'Saint-Jean-de-Bassel', 57),
(57614, 'Saint-Jean-Kourtzerode', 57),
(57615, 'Saint-Jean-Rohrbach', 57),
(57616, 'Saint-Julien-lès-Metz', 57),
(57617, 'Saint-Jure', 57),
(57618, 'Saint-Louis', 57),
(57619, 'Saint-Louis-lès-Bitche', 57),
(57620, 'Sainte-Marie-aux-Chênes', 57),
(57621, 'Saint-Médard', 57),
(57622, 'Saint-Privat-la-Montagne', 57),
(57623, 'Saint-Quirin', 57),
(57624, 'Sainte-Ruffine', 57),
(57625, 'Salonnes', 57),
(57626, 'Sanry-lès-Vigy', 57),
(57627, 'Sanry-sur-Nied', 57),
(57628, 'Sarralbe', 57),
(57629, 'Sarraltroff', 57),
(57630, 'Sarrebourg', 57),
(57631, 'Sarreguemines', 57),
(57633, 'Sarreinsming', 57),
(57634, 'Saulny', 57),
(57635, 'Schalbach', 57),
(57636, 'Schmittviller', 57),
(57637, 'Schneckenbusch', 57),
(57638, 'Schœneck', 57),
(57639, 'Schorbach', 57),
(57640, 'Schwerdorff', 57),
(57641, 'Schweyen', 57),
(57642, 'Scy-Chazelles', 57),
(57643, 'Secourt', 57),
(57644, 'Seingbouse', 57),
(57645, 'Semécourt', 57),
(57647, 'Serémange-Erzange', 57),
(57648, 'Servigny-lès-Raville', 57),
(57649, 'Servigny-lès-Sainte-Barbe', 57),
(57650, 'Sierck-les-Bains', 57),
(57651, 'Siersthal', 57),
(57652, 'Sillegny', 57),
(57653, 'Silly-en-Saulnois', 57),
(57654, 'Silly-sur-Nied', 57),
(57655, 'Solgne', 57),
(57656, 'Sorbey', 57),
(57657, 'Sotzeling', 57),
(57658, 'Soucht', 57),
(57659, 'Spicheren', 57),
(57660, 'Stiring-Wendel', 57),
(57661, 'Sturzelbronn', 57),
(57662, 'Suisse', 57),
(57663, 'Talange', 57),
(57664, 'Tarquimpol', 57),
(57665, 'Tenteling', 57),
(57666, 'Terville', 57),
(57667, 'Téterchen', 57),
(57668, 'Teting-sur-Nied', 57),
(57669, 'Théding', 57),
(57670, 'Thicourt', 57),
(57671, 'Thimonville', 57),
(57672, 'Thionville', 57),
(57673, 'Thonville', 57),
(57674, 'Tincry', 57),
(57675, 'Torcheville', 57),
(57676, 'Tragny', 57),
(57677, 'Trémery', 57),
(57678, 'Tressange', 57),
(57679, 'Tritteling-Redlach', 57),
(57680, 'Troisfontaines', 57),
(57681, 'Tromborn', 57),
(57682, 'Turquestein-Blancrupt', 57),
(57683, 'Uckange', 57),
(57684, 'Vahl-Ebersing', 57),
(57685, 'Vahl-lès-Bénestroff', 57),
(57686, 'Vahl-lès-Faulquemont', 57),
(57687, 'Vallerange', 57),
(57689, 'Valmestroff', 57),
(57690, 'Valmont', 57),
(57691, 'Valmunster', 57),
(57692, 'Vannecourt', 57),
(57693, 'Vantoux', 57),
(57694, 'Vany', 57),
(57695, 'Varize', 57),
(57696, 'Varsberg', 57),
(57697, 'Vasperviller', 57),
(57698, 'Vatimont', 57),
(57700, 'Vaudreching', 57),
(57701, 'Vaux', 57),
(57702, 'Vaxy', 57),
(57703, 'Veckersviller', 57),
(57704, 'Veckring', 57),
(57705, 'Velving', 57),
(57706, 'Vergaville', 57),
(57707, 'Vernéville', 57),
(57708, 'Verny', 57),
(57709, 'Vescheim', 57),
(57711, 'Vibersviller', 57),
(57712, 'Vic-sur-Seille', 57),
(57713, 'Vieux-Lixheim', 57),
(57714, 'Haute-Vigneulles', 57),
(57715, 'Vigny', 57),
(57716, 'Vigy', 57),
(57717, 'Viller', 57),
(57718, 'Villers-Stoncourt', 57),
(57719, 'Villers-sur-Nied', 57),
(57720, 'Villing', 57),
(57721, 'Vilsberg', 57),
(57722, 'Vionville', 57),
(57723, 'Virming', 57),
(57724, 'Vitry-sur-Orne', 57),
(57725, 'Vittersbourg', 57),
(57726, 'Vittoncourt', 57),
(57727, 'Viviers', 57),
(57728, 'Voimhaut', 57),
(57730, 'Volmerange-lès-Boulay', 57),
(57731, 'Volmerange-les-Mines', 57),
(57732, 'Volmunster', 57),
(57733, 'Volstroff', 57),
(57734, 'Voyer', 57),
(57736, 'Vry', 57),
(57737, 'Vulmont', 57),
(57738, 'Waldhouse', 57),
(57739, 'Waldweistroff', 57),
(57740, 'Waldwisse', 57),
(57741, 'Walschbronn', 57),
(57742, 'Walscheid', 57),
(57743, 'Waltembourg', 57),
(57745, 'Wiesviller', 57),
(57746, 'Willerwald', 57),
(57747, 'Wintersbourg', 57),
(57748, 'Wittring', 57),
(57749, 'Vœlfling-lès-Bouzonville', 57),
(57750, 'Wœlfling-lès-Sarreguemines', 57),
(57751, 'Woippy', 57),
(57752, 'Woustviller', 57),
(57753, 'Wuisse', 57),
(57754, 'Xanrey', 57),
(57755, 'Xocourt', 57),
(57756, 'Xouaxange', 57),
(57757, 'Yutz', 57),
(57759, 'Zarbeling', 57),
(57760, 'Zetting', 57),
(57761, 'Zilling', 57),
(57762, 'Zimming', 57),
(57763, 'Zommange', 57),
(57764, 'Zoufftgen', 57),
(57765, 'Diesen', 57),
(57767, 'Stuckange', 57),
(88001, 'Les Ableuvenettes', 88),
(88002, 'Ahéville', 88),
(88003, 'Aingeville', 88),
(88004, 'Ainvelle', 88),
(88005, 'Allarmont', 88),
(88006, 'Ambacourt', 88),
(88007, 'Ameuvelle', 88),
(88008, 'Anglemont', 88),
(88009, 'Anould', 88),
(88010, 'Aouze', 88),
(88011, 'Arches', 88),
(88012, 'Archettes', 88),
(88013, 'Aroffe', 88),
(88014, 'Arrentès-de-Corcieux', 88),
(88015, 'Attignéville', 88),
(88016, 'Attigny', 88),
(88017, 'Aulnois', 88),
(88018, 'Aumontzey', 88),
(88019, 'Autigny-la-Tour', 88),
(88020, 'Autreville', 88),
(88021, 'Autrey', 88),
(88022, 'Auzainvilliers', 88),
(88023, 'Avillers', 88),
(88024, 'Avrainville', 88),
(88025, 'Avranville', 88),
(88026, 'Aydoilles', 88),
(88027, 'Badménil-aux-Bois', 88),
(88028, 'La Baffe', 88),
(88029, 'Bains-les-Bains', 88),
(88030, 'Bainville-aux-Saules', 88),
(88031, 'Balléville', 88),
(88032, 'Ban-de-Laveline', 88),
(88033, 'Ban-de-Sapt', 88),
(88035, 'Barbey-Seroux', 88),
(88036, 'Barville', 88),
(88037, 'Basse-sur-le-Rupt', 88),
(88038, 'Battexey', 88),
(88039, 'Baudricourt', 88),
(88040, 'Bayecourt', 88),
(88041, 'Bazegney', 88),
(88042, 'Bazien', 88),
(88043, 'Bazoilles-et-Ménil', 88),
(88044, 'Bazoilles-sur-Meuse', 88),
(88045, 'Beaufremont', 88),
(88046, 'Beauménil', 88),
(88047, 'Begnécourt', 88),
(88048, 'Bellefontaine', 88),
(88049, 'Belmont-lès-Darney', 88),
(88050, 'Belmont-sur-Buttant', 88),
(88051, 'Belmont-sur-Vair', 88),
(88052, 'Belrupt', 88),
(88053, 'Belval', 88),
(88054, 'Bertrimoutier', 88),
(88055, 'Bettegney-Saint-Brice', 88),
(88056, 'Bettoncourt', 88),
(88057, 'Le Beulay', 88),
(88058, 'Biécourt', 88),
(88059, 'Biffontaine', 88),
(88060, 'Blémerey', 88),
(88061, 'Bleurville', 88),
(88062, 'Blevaincourt', 88),
(88063, 'Bocquegney', 88);
INSERT INTO `ville` (`codeVille`, `nomCommune`, `codeDepartement`) VALUES
(88064, 'Bois-de-Champ', 88),
(88065, 'Bonvillet', 88),
(88066, 'Boulaincourt', 88),
(88068, 'La Bourgonce', 88),
(88069, 'Bouxières-aux-Bois', 88),
(88070, 'Bouxurulles', 88),
(88071, 'Bouzemont', 88),
(88073, 'Brantigny', 88),
(88074, 'Brechainville', 88),
(88075, 'La Bresse', 88),
(88076, 'Brouvelieures', 88),
(88077, 'Brû', 88),
(88078, 'Bruyères', 88),
(88079, 'Bulgnéville', 88),
(88080, 'Bult', 88),
(88081, 'Bussang', 88),
(88082, 'Celles-sur-Plaine', 88),
(88083, 'Certilleux', 88),
(88084, 'Chamagne', 88),
(88085, 'Champdray', 88),
(88086, 'Champ-le-Duc', 88),
(88087, 'Chantraine', 88),
(88088, 'La Chapelle-aux-Bois', 88),
(88089, 'La Chapelle-devant-Bruyères', 88),
(88090, 'Charmes', 88),
(88091, 'Charmois-devant-Bruyères', 88),
(88092, 'Charmois-l''Orgueilleux', 88),
(88093, 'Châtas', 88),
(88094, 'Châtel-sur-Moselle', 88),
(88095, 'Châtenois', 88),
(88096, 'Châtillon-sur-Saône', 88),
(88097, 'Chauffecourt', 88),
(88098, 'Chaumousey', 88),
(88099, 'Chavelot', 88),
(88100, 'Chef-Haut', 88),
(88101, 'Cheniménil', 88),
(88102, 'Chermisey', 88),
(88103, 'Circourt', 88),
(88104, 'Circourt-sur-Mouzon', 88),
(88105, 'Claudon', 88),
(88106, 'Ban-sur-Meurthe-Clefcy', 88),
(88107, 'Clérey-la-Côte', 88),
(88108, 'Le Clerjus', 88),
(88109, 'Cleurie', 88),
(88110, 'Clézentaine', 88),
(88111, 'Coinches', 88),
(88112, 'Colroy-la-Grande', 88),
(88113, 'Combrimont', 88),
(88114, 'Contrexéville', 88),
(88115, 'Corcieux', 88),
(88116, 'Cornimont', 88),
(88117, 'Courcelles-sous-Châtenois', 88),
(88118, 'Coussey', 88),
(88119, 'Crainvilliers', 88),
(88120, 'La Croix-aux-Mines', 88),
(88121, 'Damas-aux-Bois', 88),
(88122, 'Damas-et-Bettegney', 88),
(88123, 'Damblain', 88),
(88124, 'Darney', 88),
(88125, 'Darney-aux-Chênes', 88),
(88126, 'Darnieulles', 88),
(88127, 'Deinvillers', 88),
(88128, 'Denipaire', 88),
(88129, 'Derbamont', 88),
(88130, 'Destord', 88),
(88131, 'Deycimont', 88),
(88132, 'Deyvillers', 88),
(88133, 'Dignonville', 88),
(88134, 'Dinozé', 88),
(88135, 'Docelles', 88),
(88136, 'Dogneville', 88),
(88137, 'Dolaincourt', 88),
(88138, 'Dombasle-devant-Darney', 88),
(88139, 'Dombasle-en-Xaintois', 88),
(88140, 'Dombrot-le-Sec', 88),
(88141, 'Dombrot-sur-Vair', 88),
(88142, 'Domèvre-sur-Avière', 88),
(88143, 'Domèvre-sur-Durbion', 88),
(88144, 'Domèvre-sous-Montfort', 88),
(88145, 'Domfaing', 88),
(88146, 'Domjulien', 88),
(88147, 'Dommartin-aux-Bois', 88),
(88148, 'Dommartin-lès-Remiremont', 88),
(88149, 'Dommartin-lès-Vallois', 88),
(88150, 'Dommartin-sur-Vraine', 88),
(88151, 'Dompaire', 88),
(88152, 'Dompierre', 88),
(88153, 'Domptail', 88),
(88154, 'Domrémy-la-Pucelle', 88),
(88155, 'Domvallier', 88),
(88156, 'Doncières', 88),
(88157, 'Dounoux', 88),
(88158, 'Éloyes', 88),
(88159, 'Entre-deux-Eaux', 88),
(88160, 'Épinal', 88),
(88161, 'Escles', 88),
(88162, 'Esley', 88),
(88163, 'Essegney', 88),
(88164, 'Estrennes', 88),
(88165, 'Étival-Clairefontaine', 88),
(88166, 'Évaux-et-Ménil', 88),
(88167, 'Faucompierre', 88),
(88168, 'Fauconcourt', 88),
(88169, 'Fays', 88),
(88170, 'Ferdrupt', 88),
(88171, 'Fignévelle', 88),
(88172, 'Fiménil', 88),
(88173, 'Florémont', 88),
(88174, 'Fomerey', 88),
(88175, 'Fontenay', 88),
(88176, 'Fontenoy-le-Château', 88),
(88177, 'La Forge', 88),
(88178, 'Les Forges', 88),
(88179, 'Fouchécourt', 88),
(88180, 'Frain', 88),
(88181, 'Fraize', 88),
(88182, 'Frapelle', 88),
(88183, 'Frebécourt', 88),
(88184, 'Fremifontaine', 88),
(88185, 'Frenelle-la-Grande', 88),
(88186, 'Frenelle-la-Petite', 88),
(88187, 'Frénois', 88),
(88188, 'Fresse-sur-Moselle', 88),
(88189, 'Fréville', 88),
(88190, 'Frizon', 88),
(88192, 'Gelvécourt-et-Adompt', 88),
(88193, 'Gemaingoutte', 88),
(88194, 'Gemmelaincourt', 88),
(88195, 'Gendreville', 88),
(88196, 'Gérardmer', 88),
(88197, 'Gerbamont', 88),
(88198, 'Gerbépal', 88),
(88199, 'Gignéville', 88),
(88200, 'Gigney', 88),
(88201, 'Girancourt', 88),
(88202, 'Gircourt-lès-Viéville', 88),
(88203, 'Girecourt-sur-Durbion', 88),
(88204, 'Girmont', 88),
(88205, 'Girmont-Val-d''Ajol', 88),
(88206, 'Gironcourt-sur-Vraine', 88),
(88208, 'Godoncourt', 88),
(88209, 'Golbey', 88),
(88210, 'Gorhey', 88),
(88212, 'Grand', 88),
(88213, 'La Grande-Fosse', 88),
(88214, 'Grandrupt-de-Bains', 88),
(88215, 'Grandrupt', 88),
(88216, 'Grandvillers', 88),
(88218, 'Granges-sur-Vologne', 88),
(88219, 'Greux', 88),
(88220, 'Grignoncourt', 88),
(88221, 'Gruey-lès-Surance', 88),
(88222, 'Gugnécourt', 88),
(88223, 'Gugney-aux-Aulx', 88),
(88224, 'Hadigny-les-Verrières', 88),
(88225, 'Hadol', 88),
(88226, 'Hagécourt', 88),
(88227, 'Hagnéville-et-Roncourt', 88),
(88228, 'Haillainville', 88),
(88229, 'Harchéchamp', 88),
(88230, 'Hardancourt', 88),
(88231, 'Haréville', 88),
(88232, 'Harmonville', 88),
(88233, 'Harol', 88),
(88234, 'Harsault', 88),
(88235, 'Hautmougey', 88),
(88236, 'La Haye', 88),
(88237, 'Hennecourt', 88),
(88238, 'Hennezel', 88),
(88239, 'Hergugney', 88),
(88240, 'Herpelmont', 88),
(88241, 'Houécourt', 88),
(88242, 'Houéville', 88),
(88243, 'Housseras', 88),
(88244, 'La Houssière', 88),
(88245, 'Hurbache', 88),
(88246, 'Hymont', 88),
(88247, 'Igney', 88),
(88248, 'Isches', 88),
(88249, 'Jainvillotte', 88),
(88250, 'Jarménil', 88),
(88251, 'Jeanménil', 88),
(88252, 'Jésonville', 88),
(88253, 'Jeuxey', 88),
(88254, 'Jorxey', 88),
(88255, 'Jubainville', 88),
(88256, 'Jussarupt', 88),
(88257, 'Juvaincourt', 88),
(88258, 'Lamarche', 88),
(88259, 'Landaville', 88),
(88260, 'Langley', 88),
(88261, 'Laval-sur-Vologne', 88),
(88262, 'Laveline-devant-Bruyères', 88),
(88263, 'Laveline-du-Houx', 88),
(88264, 'Légéville-et-Bonfays', 88),
(88265, 'Lemmecourt', 88),
(88266, 'Lépanges-sur-Vologne', 88),
(88267, 'Lerrain', 88),
(88268, 'Lesseux', 88),
(88269, 'Liézey', 88),
(88270, 'Liffol-le-Grand', 88),
(88271, 'Lignéville', 88),
(88272, 'Lironcourt', 88),
(88273, 'Longchamp', 88),
(88274, 'Longchamp-sous-Châtenois', 88),
(88275, 'Lubine', 88),
(88276, 'Lusse', 88),
(88277, 'Luvigny', 88),
(88278, 'Maconcourt', 88),
(88279, 'Madecourt', 88),
(88280, 'Madegney', 88),
(88281, 'Madonne-et-Lamerey', 88),
(88282, 'Le Magny', 88),
(88283, 'Malaincourt', 88),
(88284, 'Mandray', 88),
(88285, 'Mandres-sur-Vair', 88),
(88286, 'Marainville-sur-Madon', 88),
(88287, 'Marey', 88),
(88288, 'Maroncourt', 88),
(88289, 'Martigny-les-Bains', 88),
(88290, 'Martigny-les-Gerbonvaux', 88),
(88291, 'Martinvelle', 88),
(88292, 'Mattaincourt', 88),
(88293, 'Maxey-sur-Meuse', 88),
(88294, 'Mazeley', 88),
(88295, 'Mazirot', 88),
(88296, 'Médonville', 88),
(88297, 'Méménil', 88),
(88298, 'Ménarmont', 88),
(88299, 'Ménil-en-Xaintois', 88),
(88300, 'Ménil-de-Senones', 88),
(88301, 'Ménil-sur-Belvitte', 88),
(88302, 'Le Ménil', 88),
(88303, 'Midrevaux', 88),
(88304, 'Mirecourt', 88),
(88305, 'Moncel-sur-Vair', 88),
(88306, 'Le Mont', 88),
(88307, 'Mont-lès-Lamarche', 88),
(88308, 'Mont-lès-Neufchâteau', 88),
(88309, 'Monthureux-le-Sec', 88),
(88310, 'Monthureux-sur-Saône', 88),
(88311, 'Montmotier', 88),
(88312, 'Morelmaison', 88),
(88313, 'Moriville', 88),
(88314, 'Morizécourt', 88),
(88315, 'Mortagne', 88),
(88316, 'Morville', 88),
(88317, 'Moussey', 88),
(88318, 'Moyemont', 88),
(88319, 'Moyenmoutier', 88),
(88320, 'Nayemont-les-Fosses', 88),
(88321, 'Neufchâteau', 88),
(88322, 'La Neuveville-devant-Lépanges', 88),
(88324, 'La Neuveville-sous-Châtenois', 88),
(88325, 'La Neuveville-sous-Montfort', 88),
(88326, 'Neuvillers-sur-Fave', 88),
(88327, 'Nomexy', 88),
(88328, 'Nompatelize', 88),
(88330, 'Nonville', 88),
(88331, 'Nonzeville', 88),
(88332, 'Norroy', 88),
(88333, 'Nossoncourt', 88),
(88334, 'Oëlleville', 88),
(88335, 'Offroicourt', 88),
(88336, 'Ollainville', 88),
(88337, 'Oncourt', 88),
(88338, 'Ortoncourt', 88),
(88340, 'Padoux', 88),
(88341, 'Pair-et-Grandrupt', 88),
(88342, 'Pallegney', 88),
(88343, 'Parey-sous-Montfort', 88),
(88344, 'Pargny-sous-Mureau', 88),
(88345, 'La Petite-Fosse', 88),
(88346, 'La Petite-Raon', 88),
(88347, 'Pierrefitte', 88),
(88348, 'Pierrepont-sur-l''Arentèle', 88),
(88349, 'Plainfaing', 88),
(88350, 'Pleuvezain', 88),
(88351, 'Plombières-les-Bains', 88),
(88352, 'Pompierre', 88),
(88353, 'Pont-lès-Bonfays', 88),
(88354, 'Pont-sur-Madon', 88),
(88355, 'Portieux', 88),
(88356, 'Les Poulières', 88),
(88357, 'Poussay', 88),
(88358, 'Pouxeux', 88),
(88359, 'Prey', 88),
(88360, 'Provenchères-lès-Darney', 88),
(88361, 'Provenchères-sur-Fave', 88),
(88362, 'Le Puid', 88),
(88363, 'Punerot', 88),
(88364, 'Puzieux', 88),
(88365, 'Racécourt', 88),
(88366, 'Rainville', 88),
(88367, 'Rambervillers', 88),
(88368, 'Ramecourt', 88),
(88369, 'Ramonchamp', 88),
(88370, 'Rancourt', 88),
(88371, 'Raon-aux-Bois', 88),
(88372, 'Raon-l''Étape', 88),
(88373, 'Raon-sur-Plaine', 88),
(88374, 'Rapey', 88),
(88375, 'Raves', 88),
(88376, 'Rebeuville', 88),
(88377, 'Regnévelle', 88),
(88378, 'Regney', 88),
(88379, 'Rehaincourt', 88),
(88380, 'Rehaupal', 88),
(88381, 'Relanges', 88),
(88382, 'Remicourt', 88),
(88383, 'Remiremont', 88),
(88385, 'Remoncourt', 88),
(88386, 'Remomeix', 88),
(88387, 'Removille', 88),
(88388, 'Renauvoid', 88),
(88389, 'Repel', 88),
(88390, 'Robécourt', 88),
(88391, 'Rochesson', 88),
(88392, 'Rocourt', 88),
(88393, 'Rollainville', 88),
(88394, 'Romain-aux-Bois', 88),
(88395, 'Romont', 88),
(88398, 'Les Rouges-Eaux', 88),
(88399, 'Le Roulier', 88),
(88400, 'Rouvres-en-Xaintois', 88),
(88401, 'Rouvres-la-Chétive', 88),
(88402, 'Roville-aux-Chênes', 88),
(88403, 'Rozerotte', 88),
(88404, 'Rozières-sur-Mouzon', 88),
(88406, 'Rugney', 88),
(88407, 'Ruppes', 88),
(88408, 'Rupt-sur-Moselle', 88),
(88409, 'Saint-Amé', 88),
(88410, 'Sainte-Barbe', 88),
(88411, 'Saint-Baslemont', 88),
(88412, 'Saint-Benoît-la-Chipotte', 88),
(88413, 'Saint-Dié-des-Vosges', 88),
(88415, 'Saint-Étienne-lès-Remiremont', 88),
(88416, 'Saint-Genest', 88),
(88417, 'Saint-Gorgon', 88),
(88418, 'Sainte-Hélène', 88),
(88419, 'Saint-Jean-d''Ormont', 88),
(88421, 'Saint-Julien', 88),
(88423, 'Saint-Léonard', 88),
(88424, 'Sainte-Marguerite', 88),
(88425, 'Saint-Maurice-sur-Mortagne', 88),
(88426, 'Saint-Maurice-sur-Moselle', 88),
(88427, 'Saint-Menge', 88),
(88428, 'Saint-Michel-sur-Meurthe', 88),
(88429, 'Saint-Nabord', 88),
(88430, 'Saint-Ouen-lès-Parey', 88),
(88431, 'Saint-Paul', 88),
(88432, 'Saint-Pierremont', 88),
(88433, 'Saint-Prancher', 88),
(88434, 'Saint-Remimont', 88),
(88435, 'Saint-Remy', 88),
(88436, 'Saint-Stail', 88),
(88437, 'Saint-Vallier', 88),
(88438, 'La Salle', 88),
(88439, 'Sanchey', 88),
(88440, 'Sandaucourt', 88),
(88441, 'Sans-Vallois', 88),
(88442, 'Sapois', 88),
(88443, 'Sartes', 88),
(88444, 'Le Saulcy', 88),
(88445, 'Saulcy-sur-Meurthe', 88),
(88446, 'Saulxures-lès-Bulgnéville', 88),
(88447, 'Saulxures-sur-Moselotte', 88),
(88448, 'Sauville', 88),
(88449, 'Savigny', 88),
(88450, 'Senaide', 88),
(88451, 'Senones', 88),
(88452, 'Senonges', 88),
(88453, 'Seraumont', 88),
(88454, 'Sercœur', 88),
(88455, 'Serécourt', 88),
(88456, 'Serocourt', 88),
(88457, 'Sionne', 88),
(88458, 'Socourt', 88),
(88459, 'Soncourt', 88),
(88460, 'Soulosse-sous-Saint-Élophe', 88),
(88461, 'Suriauville', 88),
(88462, 'Le Syndicat', 88),
(88463, 'Taintrux', 88),
(88464, 'Tendon', 88),
(88465, 'Thaon-les-Vosges', 88),
(88466, 'They-sous-Montfort', 88),
(88467, 'Thiéfosse', 88),
(88468, 'Le Thillot', 88),
(88469, 'Thiraucourt', 88),
(88470, 'Le Tholy', 88),
(88471, 'Les Thons', 88),
(88472, 'Thuillières', 88),
(88473, 'Tignécourt', 88),
(88474, 'Tilleux', 88),
(88475, 'Tollaincourt', 88),
(88476, 'Totainville', 88),
(88477, 'Trampot', 88),
(88478, 'Tranqueville-Graux', 88),
(88479, 'Trémonzey', 88),
(88480, 'Ubexy', 88),
(88481, 'Uriménil', 88),
(88482, 'Urville', 88),
(88483, 'Uxegney', 88),
(88484, 'Uzemain', 88),
(88485, 'La Vacheresse-et-la-Rouillie', 88),
(88486, 'Vagney', 88),
(88487, 'Le Val-d''Ajol', 88),
(88488, 'Valfroicourt', 88),
(88489, 'Valleroy-aux-Saules', 88),
(88490, 'Valleroy-le-Sec', 88),
(88491, 'Les Vallois', 88),
(88492, 'Le Valtin', 88),
(88493, 'Varmonzey', 88),
(88494, 'Vaubexy', 88),
(88495, 'Vaudéville', 88),
(88496, 'Vaudoncourt', 88),
(88497, 'Vaxoncourt', 88),
(88498, 'Vecoux', 88),
(88499, 'Velotte-et-Tatignécourt', 88),
(88500, 'Ventron', 88),
(88501, 'Le Vermont', 88),
(88502, 'Vervezelle', 88),
(88503, 'Vexaincourt', 88),
(88504, 'Vicherey', 88),
(88505, 'Vienville', 88),
(88506, 'Vieux-Moulin', 88),
(88507, 'Villers', 88),
(88508, 'Ville-sur-Illon', 88),
(88509, 'Villoncourt', 88),
(88510, 'Villotte', 88),
(88511, 'Villouxel', 88),
(88512, 'Viménil', 88),
(88513, 'Vincey', 88),
(88514, 'Viocourt', 88),
(88515, 'Vioménil', 88),
(88516, 'Vittel', 88),
(88517, 'Viviers-le-Gras', 88),
(88518, 'Viviers-lès-Offroicourt', 88),
(88519, 'La Voivre', 88),
(88520, 'Les Voivres', 88),
(88521, 'Vomécourt', 88),
(88522, 'Vomécourt-sur-Madon', 88),
(88523, 'Vouxey', 88),
(88524, 'Vrécourt', 88),
(88525, 'Vroville', 88),
(88526, 'Wisembach', 88),
(88527, 'Xaffévillers', 88),
(88528, 'Xamontarupt', 88),
(88529, 'Xaronval', 88),
(88530, 'Xertigny', 88),
(88531, 'Xonrupt-Longemer', 88),
(88532, 'Zincourt', 88);

--
-- Index pour les tables exportées
--

--
-- Index pour la table `codepostal`
--
ALTER TABLE `codepostal`
  ADD PRIMARY KEY (`codeVille`,`codePostal`);

--
-- Index pour la table `departement`
--
ALTER TABLE `departement`
  ADD PRIMARY KEY (`codeDepartement`);

--
-- Index pour la table `ville`
--
ALTER TABLE `ville`
  ADD PRIMARY KEY (`codeVille`),
  ADD KEY `codeDepartement` (`codeDepartement`);

--
-- Contraintes pour les tables exportées
--

--
-- Contraintes pour la table `codepostal`
--
ALTER TABLE `codepostal`
  ADD CONSTRAINT `codepostal_ibfk_1` FOREIGN KEY (`codeVille`) REFERENCES `ville` (`codeVille`);

--
-- Contraintes pour la table `ville`
--
ALTER TABLE `ville`
  ADD CONSTRAINT `ville_ibfk_1` FOREIGN KEY (`codeDepartement`) REFERENCES `departement` (`codeDepartement`);

/*!40101 SET CHARACTER_SET_CLIENT=@OLD_CHARACTER_SET_CLIENT */;
/*!40101 SET CHARACTER_SET_RESULTS=@OLD_CHARACTER_SET_RESULTS */;
/*!40101 SET COLLATION_CONNECTION=@OLD_COLLATION_CONNECTION */;
